rank,username,ptcg_id,area,points
1,JayWu100,tw85313935,新北市,345pt
2,TCGSTORE_SHAOTONG,tw03103631,臺北市,335pt
3,TheONE_LINYOUYI,tw08069127,新北市,305pt
3,kevin,tw48711959,彰化縣,305pt
5,FanFan,tw76708967,新北市,283pt
6,andrew,tw00057543,新北市,263pt
7,YuAn._84,tw12769027,新北市,260pt
8,James,tw34406887,新竹縣,257pt
9,Toby,tw29265523,新北市,244pt
10,TheONE_KuoPinYi,tw96234784,臺北市,242pt
11,Iyiu,tw57615176,彰化縣,235pt
12,smallfiredragon,tw12360786,新北市,227pt
13,Evan,tw91677599,新北市,225pt
14,Jerry,tw09468385,臺北市,220pt
15,Tim,tw89368672,新北市,217pt
16,AndrewChung,tw89973725,高雄市,215pt
17,benjamin,tw40670915,桃園市,200pt
18,LINCHENJUI,tw91466649,新北市,195pt
19,B.N.C 林宇廷,tw37556303,高雄市,192pt
20,Anka,tw54587316,新北市,185pt
21,TCGSTORE_Mike,tw55774266,桃園市,173pt
22,Jimmy,tw22147179,新竹縣,170pt
22,zivchen,tw30267620,臺中市,170pt
24,Rich,tw36653768,新北市,169pt
25,YOYO,tw51675689,桃園市,164pt
26,Dream-N1ARK,tw54462001,高雄市,161pt
27,HAO-YU,tw65972314,新北市,156pt
28,ED,tw97066779,高雄市,155pt
29,Henry,tw82259698,新竹市,150pt
30,Benjamin,tw99268898,臺北市,148pt
31,Wade010926,tw42986392,臺北市,147pt
32,PTCG-BOY,tw18142838,臺北市,145pt
33,Leon,tw49181959,新北市,144pt
34,totototo,tw26186753,高雄市,140pt
35,KB_QQQQQQ,tw42619471,新北市,135pt
36,Joshua,tw58176881,新竹市,129pt
36,Kayson,tw81419386,新北市,129pt
36,Mew_宥緯wade,tw81124094,新北市,129pt
39,Santos,tw70719415,新竹縣,127pt
40,1-3,tw66599212,彰化縣,122pt
40,B.N.C 林奕杰,tw75131206,高雄市,122pt
40,Sean,tw65322738,臺北市,122pt
43,baobaobaby530,tw78670690,臺北市,118pt
44,XiJinping,tw97165922,新竹市,115pt
45,Abner-N1ARK,tw71084142,高雄市,113pt
46,Yuki,tw24617527,新北市,112pt
47,MJ,tw00570442,臺北市,109pt
48,POCHUN.CHEN,tw94001188,新竹縣,108pt
49,Sunny,tw50896397,新竹縣,105pt
49,Cheng1117,tw91113369,彰化縣,105pt
51,EricYang,tw04887888,高雄市,103pt
51,PLAY,tw33344901,彰化縣,103pt
53,R.MVP.R,tw17953874,高雄市,100pt
54,Joseph,tw45957987,新北市,99pt
54,Klefki_Timmy,tw74697953,高雄市,99pt
54,Legoboy,tw97627454,桃園市,99pt
54,PAISELY,tw48442445,臺北市,99pt
54,aurora,tw58040892,新北市,99pt
59,Willy,tw38952785,桃園市,96pt
60,PEIN,tw82187253,桃園市,93pt
61,EdwardJR,tw14778853,臺北市,90pt
62,Shirakami,tw54665545,高雄市,88pt
62,Wilson,tw66007671,新北市,88pt
64,OceanTsoi,tw49113528,新竹縣,85pt
64,Stanley040402,tw46899884,新北市,85pt
64,波加曼弟弟,tw32638091,臺北市,85pt
64,larry-N1ARK,tw99589299,高雄市,85pt
68,Watermelon,tw42807216,新北市,81pt
69,David,tw87203702,新北市,75pt
70,Austin,tw12786878,臺北市,74pt
71,Hsun,tw92487491,臺北市,73pt
72,Sean-N1ARK,tw36617899,高雄市,71pt
73,Marc,tw80275315,高雄市,70pt
74,Andy,tw19089077,苗栗縣,67pt
74,StarCurry,tw41768227,彰化縣,67pt
74,vegetable,tw15743285,高雄市,67pt
74,Eli,tw61299751,高雄市,67pt
78,JPL,tw70889763,新北市,66pt
79,Leo,tw75837772,新北市,65pt
79,Z,tw14181070,高雄市,65pt
79,WilsonChang,tw95761035,桃園市,65pt
82,TCGSTORE_Martin,tw93782599,桃園市,64pt
83,LiBoyu,tw43248631,臺中市,63pt
83,Xinyu,tw67716132,臺北市,63pt
85,Louis,tw13785127,新北市,61pt
86,Wilson,tw24152665,彰化縣,60pt
87,CHANGCHIAHAO,tw46558789,新北市,59pt
87,Lloyd,tw51338463,臺中市,59pt
89,Ethan,tw69338512,臺南市,58pt
90,Young517,tw95299182,南投縣,57pt
91,Cui,tw55359182,新北市,56pt
91,Marshal,tw33463324,宜蘭縣,56pt
93,Rueisian,tw28186951,新北市,55pt
94,hank,tw63175813,桃園市,53pt
95,Stalin,tw76224514,新北市,52pt
95,oneday,tw26859059,高雄市,52pt
97,Ian-N1ARK,tw01545475,高雄市,51pt
97,kan,tw30732451,苗栗縣,51pt
97,yichen,tw34688965,高雄市,51pt
97,Nailong,tw58703570,高雄市,51pt
101,Jackson,tw58668941,南投縣,50pt
101,OP-Mantou,tw20495370,臺中市,50pt
101,YUE,tw09225755,南投縣,50pt
104,FormoSHA,tw86807905,臺北市,49pt
104,KB_Cooper,tw05033566,臺北市,49pt
106,Ryan,tw62205605,高雄市,45pt
107,PingYu,tw05602573,高雄市,44pt
108,Cola,tw00060663,新北市,41pt
108,shark,tw27088222,桃園市,41pt
110,Ray,tw59978529,臺南市,40pt
110,Swps,tw40262046,高雄市,40pt
110,WUJIAAN,tw94009574,彰化縣,40pt
110,chang1101,tw56108597,宜蘭縣,40pt
110,Terry,tw84616467,高雄市,40pt
115,Dio,tw89855200,桃園市,38pt
115,Satoru,tw95235085,桃園市,38pt
115,Yenyen,tw81291690,新北市,38pt
118,DE-WEN,tw61835075,高雄市,37pt
118,CHENG,tw32525217,新竹縣,37pt
118,Justin-N1ARK,tw56036096,高雄市,37pt
121,Ben,tw72893589,新北市,36pt
121,henrik1119,tw09082546,新北市,36pt
123,Chenyikai,tw40017812,新北市,35pt
123,JACK-GGGG,tw25540877,臺中市,35pt
123,Jun,tw98211582,桃園市,35pt
123,Ryan-N1ARK,tw74434118,高雄市,35pt
123,Xuan,tw90553997,苗栗縣,35pt
123,iamnotman0000,tw02105248,臺北市,35pt
123,silei990113,tw26640245,基隆市,35pt
123,joker,tw98027117,雲林縣,35pt
131,蔡仲硯,tw84697938,桃園市,34pt
131,Jerrychi,tw52648273,臺中市,34pt
133,PenguinCanFly,tw58583808,臺北市,33pt
134,Ethan,tw85225105,桃園市,32pt
134,LIN-YU-HSI,tw68956700,高雄市,32pt
134,Zhamao.,tw53413653,新北市,32pt
134,yoyo-N1ARK,tw87775945,高雄市,32pt
138,Jimmy,tw32262790,臺北市,31pt
138,LiaoZhenghao,tw11792037,臺中市,31pt
138,Toby,tw37286261,臺北市,31pt
138,andy,tw88607252,臺中市,31pt
142,Luke,tw61878373,臺北市,30pt
142,Taro,tw92318109,新北市,30pt
142,towaandsuiseisuki,tw94634524,彰化縣,30pt
145,LeeFour,tw52776388,高雄市,29pt
146,Bernard,tw58300323,宜蘭縣,28pt
146,Chester,tw96313655,臺中市,28pt
148,Cct_Kuro,tw75152965,高雄市,26pt
148,Timmy,tw05499634,新北市,26pt
148,Tinlin,tw14215402,宜蘭縣,26pt
151,Alan,tw18197442,臺北市,25pt
151,Ditto.1,tw33562653,新北市,25pt
151,Eric,tw17896772,臺北市,25pt
151,GHO,tw18716707,宜蘭縣,25pt
151,KBAlan,tw60895624,臺北市,25pt
151,Leohu,tw80676630,臺北市,25pt
151,Momkey,tw32503844,新北市,25pt
151,Sun,tw02578849,臺北市,25pt
151,Yu,tw77197938,桃園市,25pt
160,WUJIASIANG,tw42891021,彰化縣,24pt
160,bruno,tw48025754,新北市,24pt
162,Beck,tw93719435,高雄市,23pt
162,OP_Sharon,tw18336767,臺中市,23pt
162,Zoe,tw23419853,新北市,23pt
162,mario,tw39857794,臺北市,23pt
166,112,tw90833842,桃園市,22pt
166,Jirachi_chen,tw04996089,臺南市,22pt
166,Leo,tw00444865,高雄市,22pt
169,cliffwu,tw74070399,臺中市,21pt
170,0,tw69848771,臺北市,20pt
170,Fabre,tw08308725,臺北市,20pt
170,IYiu,tw41690897,彰化縣,20pt
170,Iris,tw92407763,桃園市,20pt
170,JeremyWei,tw77877011,苗栗縣,20pt
170,Kaya,tw37808612,新北市,20pt
170,Leo,tw75475628,臺北市,20pt
170,Mario,tw52987791,臺北市,20pt
170,XinChen,tw15567133,新北市,20pt
170,大元,tw52615670,臺中市,20pt
180,TW_scary,tw91316813,臺南市,19pt
181,OPsally,tw04232774,臺中市,18pt
182,Closer,tw45505316,基隆市,17pt
183,Jacksonlu,tw87526696,彰化縣,16pt
183,Klefki_Ed,tw07064691,高雄市,16pt
183,Lin,tw01701324,高雄市,16pt
183,showyu,tw44862480,高雄市,16pt
183,Chenyen,tw81036560,新竹市,16pt
188,Bulbasaur,tw37435098,臺北市,15pt
188,EASON,tw02658166,彰化縣,15pt
188,Ian,tw54166685,臺中市,15pt
188,Ian,tw98560313,臺北市,15pt
188,Jayden,tw68369036,臺中市,15pt
188,Jim,tw25195359,彰化縣,15pt
188,Jirachi_ivan,tw50023354,臺南市,15pt
188,Kai,tw21335372,臺中市,15pt
188,LYM,tw90560772,雲林縣,15pt
188,LeeHandsome,tw10322586,雲林縣,15pt
188,PanLeo0810,tw90812581,新北市,15pt
188,Phoenixweng,tw36372317,苗栗縣,15pt
188,Wu,tw24120338,嘉義市,15pt
188,benny,tw03402017,高雄市,15pt
188,Albert,tw55451987,桃園市,15pt
188,Diego,tw98026492,臺北市,15pt
188,Docan,tw77080131,臺中市,15pt
188,Ethan,tw44232483,新北市,15pt
188,Luyajing,tw16992270,嘉義市,15pt
188,OP.Darren,tw01856787,臺中市,15pt
188,Sam,tw02031652,苗栗縣,15pt
188,Tem,tw67886635,新北市,15pt
210,Alan,tw31006483,臺中市,14pt
210,Kimi,tw78926465,新北市,14pt
210,Max,tw46985962,臺北市,14pt
210,Sean,tw44293844,臺中市,14pt
210,TG_Oscar,tw79421519,新北市,14pt
210,Yuyou,tw24543994,高雄市,14pt
216,Dunham,tw79062560,宜蘭縣,13pt
216,Chen,tw12141522,新竹市,13pt
218,Ben,tw67016854,苗栗縣,12pt
218,Dragon,tw22280877,臺北市,12pt
218,Ivan,tw06195770,新北市,12pt
218,JAY,tw12516852,高雄市,12pt
218,Jelly,tw74783492,新北市,12pt
218,JoeyChang0521,tw89882541,新竹縣,12pt
224,Mike_wu,tw83426001,宜蘭縣,11pt
225,Alice,tw61675906,桃園市,10pt
225,Austin,tw03773578,臺北市,10pt
225,Bing,tw00283867,臺東縣,10pt
225,Brandon,tw98521904,新北市,10pt
225,Diego-N1ARK,tw57159167,高雄市,10pt
225,DoDo,tw42212253,新北市,10pt
225,EasonLee,tw98121463,新北市,10pt
225,Ethan,tw40518907,新北市,10pt
225,Golden,tw44119672,新北市,10pt
225,Harvey:),tw87179489,臺北市,10pt
225,Henry,tw23702739,桃園市,10pt
225,Jacob656,tw88469337,臺北市,10pt
225,James,tw53425245,桃園市,10pt
225,Jatt,tw56919295,新北市,10pt
225,Jeremy,tw20171459,臺北市,10pt
225,Mark0712,tw71446090,新北市,10pt
225,Miffy,tw52014839,彰化縣,10pt
225,Mingchen,tw89039996,新北市,10pt
225,Nick,tw61170081,高雄市,10pt
225,Oscar,tw83739705,桃園市,10pt
225,SAM,tw55309622,新北市,10pt
225,Sheep,tw55628257,臺中市,10pt
225,Tommy,tw51647865,新北市,10pt
225,ViolaLiau,tw27584631,苗栗縣,10pt
225,mark,tw75127727,高雄市,10pt
225,pig,tw15417650,新北市,10pt
225,sega,tw27254700,臺北市,10pt
225,@_@,tw33313861,臺南市,10pt
225,Dewott,tw32945802,新竹市,10pt
225,Eri,tw87539268,臺北市,10pt
225,Gary,tw36271539,新北市,10pt
225,Harry,tw66551687,新北市,10pt
225,Leo,tw67974830,高雄市,10pt
225,Sean,tw29666642,桃園市,10pt
225,Shine,tw45659587,彰化縣,10pt
225,Tim,tw72722713,新北市,10pt
225,WangPoYEN,tw30975565,新北市,10pt
225,Zishan,tw41958538,新北市,10pt
225,baimo,tw17532169,臺中市,10pt
225,milktea,tw78372275,臺中市,10pt
265,GMS_coffee086639,tw99788979,新竹縣,9pt
265,K.C,tw53499208,苗栗縣,9pt
267,1000Fu,tw73188216,彰化縣,8pt
267,7you1ting,tw61541085,高雄市,8pt
267,Anna,tw33976962,新北市,8pt
267,Chen,tw89692020,新竹縣,8pt
267,Cooper,tw33233319,新竹市,8pt
267,Fabio,tw91680832,臺中市,8pt
267,Hank,tw25778802,高雄市,8pt
267,Ian,tw95217073,臺北市,8pt
267,Ian,tw30147118,高雄市,8pt
267,Leo0825,tw68703676,高雄市,8pt
267,Terry,tw32701908,桃園市,8pt
267,Ting,tw90305952,高雄市,8pt
267,YO,tw68119802,高雄市,8pt
267,chen,tw48315800,新竹市,8pt
281,BST_Lydia,tw23289127,臺中市,7pt
281,Hitai,tw57173937,臺中市,7pt
283,Aix,tw07040865,高雄市,6pt
283,Alice,tw48874828,臺中市,6pt
283,B3NN3Tt,tw08788083,高雄市,6pt
283,Bob,tw61311183,新北市,6pt
283,Charlie,tw40490299,桃園市,6pt
283,Chloe,tw03523852,臺中市,6pt
283,Clayton,tw28434285,新北市,6pt
283,Eason,tw68774056,新北市,6pt
283,Eason,tw22332732,新北市,6pt
283,Elson,tw95797097,桃園市,6pt
283,Henry,tw21355635,新北市,6pt
283,Henry,tw57273060,新北市,6pt
283,Henry,tw62892033,新北市,6pt
283,Howard,tw54264773,南投縣,6pt
283,Howard,tw31295126,高雄市,6pt
283,Jack,tw87593420,宜蘭縣,6pt
283,James,tw10133658,新北市,6pt
283,Kai,tw54206403,嘉義市,6pt
283,Koto,tw92715620,彰化縣,6pt
283,Laurum,tw12039685,高雄市,6pt
283,Mario,tw80139189,臺北市,6pt
283,OuO,tw92027316,新北市,6pt
283,PeytonB886,tw86866405,彰化縣,6pt
283,Ray,tw07566360,臺北市,6pt
283,Ray,tw83766750,高雄市,6pt
283,Ryan,tw53917462,新北市,6pt
283,Ryanliang,tw75000248,新北市,6pt
283,Sean777,tw04850060,苗栗縣,6pt
283,Shygo,tw04986951,彰化縣,6pt
283,Tzo,tw35693495,花蓮縣,6pt
283,Unasong,tw64903698,臺北市,6pt
283,Wang,tw55045145,高雄市,6pt
283,Will7777,tw55993300,臺中市,6pt
283,Yoyo,tw75508081,臺南市,6pt
283,kevin,tw06774867,桃園市,6pt
283,li._0228,tw94315025,臺南市,6pt
283,space,tw27558785,臺中市,6pt
283,wei,tw68923388,南投縣,6pt
283,白米,tw20051527,臺中市,6pt
322,Allen,tw12458790,高雄市,5pt
322,Austin,tw32577060,新北市,5pt
322,AustinChao,tw06937698,桃園市,5pt
322,Baybay,tw40994416,新北市,5pt
322,Ethan,tw29790670,臺北市,5pt
322,JL,tw01003353,新北市,5pt
322,Joanna,tw74546376,臺北市,5pt
322,Kane,tw02153841,雲林縣,5pt
322,Kenny,tw81358721,新北市,5pt
322,Kevin114514,tw83480674,臺北市,5pt
322,LEO,tw32417762,臺中市,5pt
322,Lemon,tw69956243,新北市,5pt
322,Liam,tw13591620,金門縣,5pt
322,Ryan,tw33844026,新北市,5pt
322,Starbee,tw03308149,臺北市,5pt
322,TOBY,tw21630280,臺中市,5pt
322,TRR,tw85805854,桃園市,5pt
322,TingChung,tw56197320,臺中市,5pt
322,Tony,tw67814341,臺北市,5pt
322,Vrttw,tw40722297,臺北市,5pt
322,WEN,tw37101976,新北市,5pt
322,William,tw30182919,臺南市,5pt
322,bong,tw21134787,苗栗縣,5pt
322,cvbid,tw48329396,臺南市,5pt
322,jsttu2125,tw68822428,新北市,5pt
322,liyuchen990704,tw74771672,新竹縣,5pt
322,pokemonHank,tw07498797,臺南市,5pt
322,waterwork,tw68389784,臺北市,5pt
350,123456789,tw69404327,臺中市,4pt
350,Alice,tw81357440,新北市,4pt
350,Bella,tw91876395,苗栗縣,4pt
350,Black-Penguin,tw94967871,桃園市,4pt
350,DIDIGINGOBI,tw94692123,高雄市,4pt
350,Duncan,tw49925937,桃園市,4pt
350,Eric,tw53103765,臺北市,4pt
350,Freddy,tw18831429,臺中市,4pt
350,Happy,tw81009931,臺中市,4pt
350,Harry,tw25854174,新竹市,4pt
350,Hewitt,tw02519013,臺北市,4pt
350,Jason,tw37855988,臺北市,4pt
350,JustinChang0912,tw06953175,新竹縣,4pt
350,Kimi,tw38407666,臺中市,4pt
350,Lee,tw71931416,高雄市,4pt
350,Luke,tw17698132,新北市,4pt
350,MW-Hong,tw23189382,高雄市,4pt
350,MasonTse,tw24493749,臺北市,4pt
350,Minnie,tw17712172,新北市,4pt
350,Molly,tw84957647,臺北市,4pt
350,Peter0131,tw07806674,高雄市,4pt
350,RedName:/,tw64841238,新北市,4pt
350,Shara,tw88239785,新北市,4pt
350,Slyron,tw86721170,桃園市,4pt
350,max,tw13175197,桃園市,4pt
350,smile,tw85760897,臺南市,4pt
350,大安呆伊布,tw04530685,臺北市,4pt
377,muaji._.dpx,tw99691140,新北市,3pt
377,zzerooney,tw99243748,臺北市,3pt
377,QQ,tw12738380,臺中市,3pt
380,$Aiden$,tw88998927,桃園市,0pt
380,********************,tw54204898,臺南市,0pt
380,********************,tw60350798,高雄市,0pt
380,********************,tw63599207,高雄市,0pt
380,-RAY-,tw73628892,新北市,0pt
380,3.1415,tw13929733,新北市,0pt
380,1122,tw22969264,桃園市,0pt
380,1818,tw26592496,新北市,0pt
380,12345,tw51471847,新北市,0pt
380,142857,tw54879046,南投縣,0pt
380,503978,tw79233844,臺中市,0pt
380,52$$52$$,tw00610960,新北市,0pt
380,878787,tw98595535,桃園市,0pt
380,981120_kai,tw24375776,桃園市,0pt
380,987654321,tw79702513,新竹縣,0pt
380,20131204001,tw44131772,苗栗縣,0pt
380,:>,tw64829883,高雄市,0pt
380,:],tw30973078,高雄市,0pt
380,A+,tw06617674,桃園市,0pt
380,AAA.,tw53506901,高雄市,0pt
380,ANO,tw88383622,桃園市,0pt
380,Ace,tw38146096,新竹縣,0pt
380,Adam,tw34855660,新北市,0pt
380,Adam,tw50035456,臺中市,0pt
380,Alan,tw67216298,臺中市,0pt
380,Albert.H,tw73780279,臺中市,0pt
380,Alex,tw75042752,新北市,0pt
380,Alez,tw93176236,高雄市,0pt
380,Alston,tw23502628,苗栗縣,0pt
380,Alston,tw23428252,高雄市,0pt
380,Alvin,tw34068679,臺北市,0pt
380,Alvinh,tw36284604,臺北市,0pt
380,Amongus,tw97795517,臺北市,0pt
380,An,tw58490256,高雄市,0pt
380,Andrew,tw51464871,新竹市,0pt
380,Andrew,tw07022453,臺中市,0pt
380,Andrew,tw76093499,臺北市,0pt
380,Andrew0213,tw27148574,新北市,0pt
380,Andrewyueh,tw07494814,新北市,0pt
380,Andy1724,tw14825497,桃園市,0pt
380,Andy520,tw32801069,高雄市,0pt
380,AndyLiu,tw19846152,桃園市,0pt
380,Ann,tw30287263,臺中市,0pt
380,Anthony,tw57123763,新竹縣,0pt
380,Apple,tw82042897,桃園市,0pt
380,Arnold,tw58280225,新北市,0pt
380,Astinlai,tw92746318,新北市,0pt
380,Aton,tw47968107,桃園市,0pt
380,Austin,tw19561393,彰化縣,0pt
380,B.S.T Adam,tw81338076,臺中市,0pt
380,BOWN,tw18059812,新北市,0pt
380,BT,tw85633415,臺中市,0pt
380,Bard,tw59747434,高雄市,0pt
380,Beggin,tw85051891,臺北市,0pt
380,Belle,tw00121192,新北市,0pt
380,Bibarel,tw79618823,新北市,0pt
380,BigJay,tw49185198,屏東縣,0pt
380,Biggie,tw23009605,新北市,0pt
380,Bigguy,tw08809914,臺北市,0pt
380,Bill,tw15031276,臺中市,0pt
380,Blue-rabbit,tw76371374,桃園市,0pt
380,Bojyunchen,tw18495385,新北市,0pt
380,Branden0712,tw34631417,高雄市,0pt
380,Brett,tw93348936,彰化縣,0pt
380,BriaN,tw76131589,新北市,0pt
380,Bruce,tw54530208,高雄市,0pt
380,Bule,tw17279202,宜蘭縣,0pt
380,CANDY7,tw01537140,高雄市,0pt
380,CHEN-BING-JIE,tw13449423,彰化縣,0pt
380,CHENRyan,tw42261938,臺北市,0pt
380,CHTso,tw81645918,新竹縣,0pt
380,Caleb,tw27788362,臺北市,0pt
380,Calvin2010,tw85448919,臺中市,0pt
380,CardPackKing,tw27614693,新北市,0pt
380,Carol,tw35633566,彰化縣,0pt
380,Carol,tw23693792,新北市,0pt
380,Carol,tw86383314,高雄市,0pt
380,Cayden,tw91655050,新竹縣,0pt
380,Charlie,tw67499326,新北市,0pt
380,Charlie,tw83004748,新竹縣,0pt
380,Chautin,tw64006248,高雄市,0pt
380,Chen-Tung-You,tw46359475,高雄市,0pt
380,Chi,tw17310914,新北市,0pt
380,ChiBing,tw65753987,桃園市,0pt
380,Chin-ii,tw61100990,高雄市,0pt
380,Chou-bing-chein,tw52509435,彰化縣,0pt
380,Chris,tw56976478,新北市,0pt
380,ChrisKuo,tw71911721,臺北市,0pt
380,Chrispin,tw45404096,高雄市,0pt
380,Chunhao,tw09563486,高雄市,0pt
380,Cindy,tw47867576,新北市,0pt
380,Colin,tw61611288,新北市,0pt
380,Cory,tw34494847,新北市,0pt
380,Costa-P,tw96578235,臺北市,0pt
380,Cow,tw78854891,高雄市,0pt
380,Crow,tw04844317,新北市,0pt
380,Curtis,tw30260076,新北市,0pt
380,Cuteglaceon,tw86754212,高雄市,0pt
380,DDEEA57,tw16906817,臺北市,0pt
380,DODO,tw05929087,新北市,0pt
380,DarrenChiu,tw95718259,臺北市,0pt
380,Davidchen,tw64012170,彰化縣,0pt
380,Derek,tw14753402,臺北市,0pt
380,Dfft,tw63033237,臺南市,0pt
380,Dillo,tw14089506,臺北市,0pt
380,Dino,tw34341752,新北市,0pt
380,Dondon,tw47050420,新竹市,0pt
380,Donnie,tw12193405,新北市,0pt
380,Dora,tw29284087,屏東縣,0pt
380,Dragon,tw22476955,臺南市,0pt
380,Drew,tw44291883,臺北市,0pt
380,DukeLee,tw79670782,新北市,0pt
380,Dumbo,tw31961498,臺北市,0pt
380,Dylan,tw12392068,新北市,0pt
380,EDMUND,tw78733196,新北市,0pt
380,Eason,tw10205900,臺中市,0pt
380,Eason,tw52522133,臺中市,0pt
380,Eason,tw97358920,高雄市,0pt
380,Eason0711,tw57810177,新北市,0pt
380,Easonlai0728,tw23691954,臺中市,0pt
380,Eddie,tw24974897,高雄市,0pt
380,EddieYen,tw60640239,臺北市,0pt
380,Eden,tw45288429,新北市,0pt
380,Electricity,tw48740505,桃園市,0pt
380,Eli,tw32378643,臺南市,0pt
380,Elijah,tw29089098,新北市,0pt
380,Eric,tw53368463,高雄市,0pt
380,Ericlin,tw77740333,桃園市,0pt
380,Ethan,tw67333846,宜蘭縣,0pt
380,Ethan,tw95130204,宜蘭縣,0pt
380,Ethan,tw56877156,臺北市,0pt
380,EthanLu,tw54077525,新北市,0pt
380,EttaChen,tw09151478,新北市,0pt
380,Eugene,tw30916425,新北市,0pt
380,Evan,tw99613785,臺北市,0pt
380,FanYang,tw70891974,桃園市,0pt
380,Fanny,tw19825298,新北市,0pt
380,FawkesTai,tw84643712,桃園市,0pt
380,Felix,tw09467866,臺北市,0pt
380,Fiona,tw96192713,新北市,0pt
380,Fly,tw42595931,苗栗縣,0pt
380,FroakieOscar,tw39404700,新北市,0pt
380,GQuuuuuuX,tw99165596,新竹市,0pt
380,Gala,tw56123630,臺中市,0pt
380,Gary,tw38062533,新北市,0pt
380,Gene,tw58969560,苗栗縣,0pt
380,George,tw19270318,臺中市,0pt
380,Gino,tw55391620,臺北市,0pt
380,Godan,tw61019343,宜蘭縣,0pt
380,Gordonlin117,tw70537514,桃園市,0pt
380,Grace,tw77394923,臺北市,0pt
380,Greentea,tw83883059,臺北市,0pt
380,Greg,tw32594685,臺北市,0pt
380,HAN,tw34492473,高雄市,0pt
380,HOWARD,tw52074493,臺北市,0pt
380,Hahandrewang,tw08619274,新北市,0pt
380,Han,tw23704911,新竹市,0pt
380,Hango,tw24385136,臺北市,0pt
380,Hankli,tw77702657,高雄市,0pt
380,Hanson0215,tw34141540,新竹縣,0pt
380,Harry,tw46557839,雲林縣,0pt
380,Harry,tw90893572,高雄市,0pt
380,HarryWang,tw41202079,臺北市,0pt
380,Henry,tw81406841,臺北市,0pt
380,Hihi,tw74643622,宜蘭縣,0pt
380,Hirofumi,tw60649131,臺北市,0pt
380,Hollyliu,tw14627378,新竹市,0pt
380,Hong,tw84495423,新北市,0pt
380,Howard,tw87467841,新北市,0pt
380,Howard,tw10033867,新竹縣,0pt
380,Howard,tw04500681,臺南市,0pt
380,Howear,tw27378980,彰化縣,0pt
380,Huey,tw65653663,臺南市,0pt
380,Hung/3050,tw70232722,彰化縣,0pt
380,IEEewee,tw10068993,彰化縣,0pt
380,ILOVEFIREFLY,tw73103655,高雄市,0pt
380,Ian,tw56514270,彰化縣,0pt
380,Ian,tw21946513,新北市,0pt
380,Ian,tw15505264,桃園市,0pt
380,Ian604033,tw58900250,臺北市,0pt
380,IsaacLin0320,tw78813702,臺北市,0pt
380,Issac,tw11986118,臺北市,0pt
380,JIMHUANG,tw59377214,新北市,0pt
380,JJ,tw58189327,新竹縣,0pt
380,JJ,tw44723280,臺中市,0pt
380,JJJ109256,tw32908561,臺北市,0pt
380,JM,tw35319481,臺中市,0pt
380,JOJO,tw59947617,彰化縣,0pt
380,JOJO,tw07742633,高雄市,0pt
380,Jack,tw88583244,高雄市,0pt
380,Jacon,tw98664356,新北市,0pt
380,James,tw34714638,彰化縣,0pt
380,James,tw62034080,臺北市,0pt
380,James,tw38485041,高雄市,0pt
380,James1015,tw15495408,臺東縣,0pt
380,Jason,tw31602833,宜蘭縣,0pt
380,Jason,tw52254665,新竹市,0pt
380,Jason,tw55353975,臺中市,0pt
380,Jason:),tw66900774,新北市,0pt
380,JasonKo0503,tw87105923,臺北市,0pt
380,Jayshen,tw67993988,臺北市,0pt
380,Jayshen,tw91203979,臺北市,0pt
380,Jean,tw04463149,新北市,0pt
380,Jekai,tw39358496,南投縣,0pt
380,Jerry,tw38515370,嘉義市,0pt
380,Jerry,tw33969659,臺中市,0pt
380,Jerry,tw05538206,臺北市,0pt
380,Jerry,tw36911783,臺北市,0pt
380,Jerrychou,tw06731293,臺北市,0pt
380,Jerrylee,tw91492623,臺北市,0pt
380,Jiaozhi,tw34896702,彰化縣,0pt
380,Jim,tw47502739,新北市,0pt
380,Jim,tw27218185,桃園市,0pt
380,Jimmy,tw81229373,高雄市,0pt
380,Jimmy,tw74634200,高雄市,0pt
380,Jimmy95391103,tw75335271,臺南市,0pt
380,Jin,tw16799684,新北市,0pt
380,Jirachiteam_Larry,tw50039394,臺南市,0pt
380,JodeJoestar,tw23411379,新北市,0pt
380,JoePan,tw12944938,高雄市,0pt
380,Joey,tw98048714,新北市,0pt
380,Joey,tw32513728,桃園市,0pt
380,JoeyLiu,tw29058099,新竹市,0pt
380,Johnny,tw91224803,新北市,0pt
380,Jonathan,tw43776354,屏東縣,0pt
380,JordanCho,tw16835312,臺中市,0pt
380,Josefkuo,tw46290917,高雄市,0pt
380,Jun,tw32364866,新北市,0pt
380,Justin,tw25944264,新北市,0pt
380,Justin,tw64888775,臺南市,0pt
380,Justin-LIN,tw36875462,臺中市,0pt
380,K,tw48688668,臺中市,0pt
380,K.C,tw62910201,苗栗縣,0pt
380,KATE,tw25676769,新北市,0pt
380,KAYDEN,tw78585844,新北市,0pt
380,KH_YICHEN,tw48931836,高雄市,0pt
380,Kai,tw95441769,新北市,0pt
380,Kai100,tw46865426,高雄市,0pt
380,Kate^_^,tw69357931,桃園市,0pt
380,Ken,tw87429407,高雄市,0pt
380,Kevin,tw54380998,臺北市,0pt
380,Kevin,tw78940135,高雄市,0pt
380,Kevin1207,tw17980735,新竹縣,0pt
380,KevinLiu,tw99637322,臺中市,0pt
380,Kimi,tw95616910,臺中市,0pt
380,Kobe,tw90557440,臺中市,0pt
380,KuoTingAn,tw32169304,桃園市,0pt
380,Kyle,tw60749156,臺中市,0pt
380,Kyle,tw86238686,臺南市,0pt
380,LF,tw81039332,新北市,0pt
380,LISEN,tw15581512,臺北市,0pt
380,LIU-EN-KAI,tw01779956,臺中市,0pt
380,LOYANKAI,tw95312126,臺中市,0pt
380,LYNCH,tw23566752,宜蘭縣,0pt
380,Larry,tw15448929,新北市,0pt
380,Leo,tw82423242,臺北市,0pt
380,Leo,tw11110528,高雄市,0pt
380,LeoChen,tw98507163,臺北市,0pt
380,Leochen,tw48730092,宜蘭縣,0pt
380,Leon,tw95690883,桃園市,0pt
380,Liam,tw20129500,嘉義市,0pt
380,Ligigang,tw72010204,新竹縣,0pt
380,Lilylui,tw73053904,高雄市,0pt
380,Lin,tw63086366,新北市,0pt
380,Lin,tw51822143,高雄市,0pt
380,Linpochen,tw12646398,臺南市,0pt
380,Linz,tw48139608,臺北市,0pt
380,Lion,tw69196106,屏東縣,0pt
380,Lono4716,tw42965205,臺南市,0pt
380,Louis0604,tw79490964,新北市,0pt
380,Loyanhung,tw68854118,臺中市,0pt
380,Lucas,tw07613662,彰化縣,0pt
380,Lucas,tw12987551,新北市,0pt
380,Lucas,tw26939107,新北市,0pt
380,Lucas,tw98262450,桃園市,0pt
380,Lucas,tw99140905,臺北市,0pt
380,Lucas,tw86533118,臺南市,0pt
380,Lucy,tw04506312,新北市,0pt
380,Luke,tw98325703,桃園市,0pt
380,MINEN,tw35592681,苗栗縣,0pt
380,MOLLY,tw14559623,臺北市,0pt
380,Mango,tw36357779,新竹市,0pt
380,Marchlelo,tw65902993,臺中市,0pt
380,Mark,tw56872586,高雄市,0pt
380,Martin,tw21251140,新北市,0pt
380,Martin,tw85942881,新竹縣,0pt
380,Mason,tw88388620,新竹縣,0pt
380,Master(tang),tw44209669,新北市,0pt
380,MattKao,tw81228158,新北市,0pt
380,Matthew19090,tw72700451,新北市,0pt
380,Max,tw09174532,嘉義市,0pt
380,Max,tw80578239,新北市,0pt
380,Max,tw15913433,臺北市,0pt
380,Max,tw93753969,臺北市,0pt
380,Max,tw11622091,高雄市,0pt
380,MaxChen,tw53462965,臺北市,0pt
380,Mdfk,tw47968077,新北市,0pt
380,Meato,tw08940535,新北市,0pt
380,Mei,tw81701099,臺北市,0pt
380,Meow0000,tw80615930,新竹市,0pt
380,Mikey,tw29837925,高雄市,0pt
380,Miles,tw51444990,臺北市,0pt
380,MilkWithYogurt,tw46818576,新北市,0pt
380,Milo,tw43413627,新北市,0pt
380,Mochi,tw47370858,臺北市,0pt
380,Momo,tw89382953,新竹縣,0pt
380,Morris,tw37188245,臺北市,0pt
380,Mos0619,tw24533929,新北市,0pt
380,MuYen,tw93979848,新北市,0pt
380,Mumin,tw26046733,新北市,0pt
380,MzEnNiCe,tw74349146,基隆市,0pt
380,Neokao,tw77556920,臺北市,0pt
380,Nick,tw10534191,新北市,0pt
380,Nick,tw17419300,新北市,0pt
380,NickTseng,tw14899179,南投縣,0pt
380,Nicole,tw65573984,臺北市,0pt
380,Noob,tw55472011,桃園市,0pt
380,OP-CINDY,tw57925986,臺中市,0pt
380,OP-Henry,tw21199961,臺中市,0pt
380,OP-yoyo,tw72883580,臺中市,0pt
380,Ogerpon,tw51947475,臺中市,0pt
380,Ohmyga,tw99058082,高雄市,0pt
380,Oliver,tw41097698,臺中市,0pt
380,Oliver4554,tw43204743,桃園市,0pt
380,Olivia,tw41513524,新北市,0pt
380,Ollie,tw77534107,臺北市,0pt
380,Omar,tw92035130,新北市,0pt
380,Oscar,tw44831806,南投縣,0pt
380,Oscar,tw00216346,新北市,0pt
380,Oscar,tw21004929,臺中市,0pt
380,Oscar,tw87612502,臺中市,0pt
380,Owen,tw07873657,臺中市,0pt
380,Owen0314,tw38932761,高雄市,0pt
380,Owen4554,tw46248346,桃園市,0pt
380,ParryHsu,tw61194586,臺中市,0pt
380,Paulson,tw56524187,臺北市,0pt
380,Pear,tw21073518,新北市,0pt
380,Peter,tw09871816,新北市,0pt
380,Peter,tw66600887,臺北市,0pt
380,PeterChen,tw71024012,臺北市,0pt
380,Pitt,tw57650395,臺北市,0pt
380,Poteryun,tw98950182,新竹市,0pt
380,QAQ,tw75062894,桃園市,0pt
380,REN,tw11750747,高雄市,0pt
380,RONGLL,tw42801103,臺中市,0pt
380,ROY,tw33110391,高雄市,0pt
380,RT,tw93416087,新北市,0pt
380,Rainlu,tw11924993,新竹縣,0pt
380,Raku,tw57920593,新竹市,0pt
380,Ray,tw32887921,彰化縣,0pt
380,Ray,tw17947689,新北市,0pt
380,Ray,tw40498643,臺北市,0pt
380,Ray980128,tw81252732,臺北市,0pt
380,RayRay,tw93055631,臺北市,0pt
380,RayWei5678,tw63522914,臺北市,0pt
380,Raymen,tw47769971,臺北市,0pt
380,Raysue,tw21369562,高雄市,0pt
380,Rich,tw80271186,宜蘭縣,0pt
380,Ricky4976,tw20354994,新竹縣,0pt
380,Ritch,tw21611529,新北市,0pt
380,Roger,tw54284146,新竹市,0pt
380,Rrr,tw04063869,新北市,0pt
380,RubioSaNightDo,tw88542611,彰化縣,0pt
380,Rudy,tw82267893,新北市,0pt
380,Rui,tw05143281,新北市,0pt
380,Ryan,tw86499130,新北市,0pt
380,Ryan,tw54585036,新北市,0pt
380,Ryan,tw76983033,臺北市,0pt
380,RyanKing,tw22566328,臺北市,0pt
380,Ryder,tw93817926,新北市,0pt
380,Ryder,tw19406897,高雄市,0pt
380,STeVe,tw10990101,臺中市,0pt
380,Sam,tw81838129,臺中市,0pt
380,Sam,tw87327796,苗栗縣,0pt
380,Samuel,tw54868496,桃園市,0pt
380,Samuel,tw74493945,桃園市,0pt
380,Sanada990721,tw93844023,桃園市,0pt
380,SandyYang,tw87429007,臺北市,0pt
380,Satori's_husband,tw38871487,高雄市,0pt
380,Sean,tw08053549,臺北市,0pt
380,Sean,tw48390702,臺北市,0pt
380,Sean,tw53878498,臺北市,0pt
380,Sean,tw84535809,臺北市,0pt
380,Sean,tw84963813,高雄市,0pt
380,Sean.SE.Tsai,tw94986162,臺北市,0pt
380,Sebastien,tw03453827,臺北市,0pt
380,Seven,tw22658743,新北市,0pt
380,ShaoYen,tw67636720,臺南市,0pt
380,Shawn,tw41639137,臺南市,0pt
380,Shelly,tw31315105,新竹縣,0pt
380,Shen,tw04081951,臺北市,0pt
380,Simon0907,tw42355562,新北市,0pt
380,Smallhsu,tw41199325,新竹市,0pt
380,Smartcookie,tw89545033,高雄市,0pt
380,Sophie,tw21084537,桃園市,0pt
380,St,tw70643674,桃園市,0pt
380,StEvE,tw21368322,臺中市,0pt
380,StormReaper,tw29173749,桃園市,0pt
380,StupXd,tw39116415,臺北市,0pt
380,Su,tw69691978,雲林縣,0pt
380,Sung-Jin-woo,tw96571468,新北市,0pt
380,Supao,tw79303763,高雄市,0pt
380,TG_Aoi0614,tw06844220,臺北市,0pt
380,TH,tw84238347,臺北市,0pt
380,TIEN-WEI-HSIANG,tw34233770,彰化縣,0pt
380,TINA,tw88562353,臺中市,0pt
380,TNFCG_Marikowop,tw27910222,臺南市,0pt
380,"TSENG,GUANG-YUAN",tw59350658,新竹縣,0pt
380,TTV_EPISSB,tw90895384,臺中市,0pt
380,Terry,tw37570069,桃園市,0pt
380,Tevin,tw34972125,南投縣,0pt
380,Tico,tw34463295,彰化縣,0pt
380,Tim,tw01031400,臺中市,0pt
380,Timmy,tw97396398,臺北市,0pt
380,Timmy,tw43639990,臺北市,0pt
380,Tony,tw63731684,臺北市,0pt
380,Tony,tw81788530,臺北市,0pt
380,Tony,tw52869868,臺北市,0pt
380,Tony,tw66851395,臺北市,0pt
380,Tony,tw43113906,臺南市,0pt
380,Tony,tw57300547,新竹縣,0pt
380,Troy,tw06699075,高雄市,0pt
380,Tyne-Li,tw04149115,臺南市,0pt
380,UP,tw99838588,嘉義縣,0pt
380,Victor,tw88956966,臺北市,0pt
380,Vincent,tw72949913,臺北市,0pt
380,WD,tw72019245,桃園市,0pt
380,Wangjay,tw78423093,臺中市,0pt
380,Wayne,tw63553237,新北市,0pt
380,Wi11_o7o8,tw63868399,臺中市,0pt
380,William,tw52441919,臺南市,0pt
380,William99626,tw56239139,新竹縣,0pt
380,Willis,tw64967369,臺北市,0pt
380,Willy123,tw36382138,新北市,0pt
380,Winnie,tw55796625,新北市,0pt
380,Woody,tw82815591,桃園市,0pt
380,Woody,tw50319793,高雄市,0pt
380,WuLeLe,tw02269447,臺北市,0pt
380,Xian0128,tw74183379,高雄市,0pt
380,Xun,tw40746228,臺北市,0pt
380,YC,tw95753136,新北市,0pt
380,YI-TING,tw98553235,新北市,0pt
380,YISYUAN0709,tw05693158,高雄市,0pt
380,YOYO,tw60413484,新北市,0pt
380,YYDS,tw53287778,新北市,0pt
380,Yang,tw47677695,臺南市,0pt
380,Yang395,tw46100395,高雄市,0pt
380,Yao,tw12541872,桃園市,0pt
380,Yobrother,tw97183798,屏東縣,0pt
380,Yoda,tw26918012,桃園市,0pt
380,Yoga,tw52762134,新北市,0pt
380,York,tw35915327,新北市,0pt
380,York,tw14385566,桃園市,0pt
380,Yoyo0905,tw58328483,新北市,0pt
380,Yu,tw56537863,高雄市,0pt
380,YuHao,tw86444135,臺北市,0pt
380,Yujn,tw41114921,臺北市,0pt
380,Z,tw45432420,高雄市,0pt
380,Zack,tw91480781,新北市,0pt
380,Zake,tw10195208,新北市,0pt
380,Zijin,tw59845381,高雄市,0pt
380,Zxzx,tw10990659,彰化縣,0pt
380,^_^,tw14474658,高雄市,0pt
380,a12102238,tw65367518,桃園市,0pt
380,aass0310,tw67489398,高雄市,0pt
380,alan,tw18738511,臺中市,0pt
380,allen1228,tw25334780,新北市,0pt
380,andy,tw37352245,新北市,0pt
380,ben,tw60362249,臺北市,0pt
380,bobby,tw85402596,新北市,0pt
380,bright,tw96850405,臺北市,0pt
380,bun_nana,tw10263420,桃園市,0pt
380,chen,tw04644149,新北市,0pt
380,cheng,tw02511324,臺中市,0pt
380,chien,tw30194729,臺北市,0pt
380,chiyan,tw98060220,桃園市,0pt
380,cindy,tw77429610,高雄市,0pt
380,cof_000,tw41946933,臺北市,0pt
380,cosmos,tw83897958,桃園市,0pt
380,doren,tw71540600,臺中市,0pt
380,eagle,tw19067926,高雄市,0pt
380,eason,tw91665878,新北市,0pt
380,eric,tw82842679,嘉義市,0pt
380,ethan,tw06981249,臺中市,0pt
380,fish,tw61995139,高雄市,0pt
380,fuck,tw65067260,新北市,0pt
380,gg,tw25946658,屏東縣,0pt
380,gino,tw87594661,桃園市,0pt
380,glasses,tw83441900,臺中市,0pt
380,goldgod,tw90710961,新竹縣,0pt
380,hans,tw15534950,臺北市,0pt
380,hehe0000,tw02535624,臺北市,0pt
380,henry,tw44250385,新北市,0pt
380,homey,tw07560069,高雄市,0pt
380,iceycold,tw97989927,新竹縣,0pt
380,jason,tw69035987,新北市,0pt
380,jasper,tw85352531,新北市,0pt
380,jay,tw97139567,南投縣,0pt
380,jeff,tw86921742,臺北市,0pt
380,jerry,tw85497593,臺北市,0pt
380,jimmy,tw75778514,新北市,0pt
380,josephlin,tw19603450,新北市,0pt
380,k,tw59842515,臺中市,0pt
380,kaichen,tw81751939,高雄市,0pt
380,kay0926,tw04224093,新北市,0pt
380,kent,tw40475144,臺中市,0pt
380,kentsai,tw81796909,新北市,0pt
380,kidthephantomthief,tw46228271,宜蘭縣,0pt
380,kmJason0130,tw14212286,臺南市,0pt
380,komos,tw94073321,臺中市,0pt
380,lan,tw89711590,新竹縣,0pt
380,lan,tw43869961,桃園市,0pt
380,lcr1326312,tw13733005,臺中市,0pt
380,lintinager,tw19218480,高雄市,0pt
380,lion,tw51700508,臺北市,0pt
380,liuming487,tw07893493,宜蘭縣,0pt
380,logan.c,tw74566090,臺北市,0pt
380,lucas,tw32092217,臺南市,0pt
380,lucaschen868,tw03087567,臺中市,0pt
380,luke0225,tw68080815,彰化縣,0pt
380,luke9487,tw49855379,新北市,0pt
380,mad_dog8787,tw52693065,臺南市,0pt
380,mango,tw06341686,桃園市,0pt
380,mason,tw33769846,新北市,0pt
380,me,tw67859741,臺北市,0pt
380,mix,tw99705293,高雄市,0pt
380,morris,tw82214575,臺北市,0pt
380,nbnb94nb,tw47069747,苗栗縣,0pt
380,neoneomap,tw70196302,花蓮縣,0pt
380,nicole,tw03588092,桃園市,0pt
380,owen,tw76584301,新北市,0pt
380,peng,tw66851041,臺中市,0pt
380,penguin,tw74135667,臺中市,0pt
380,peregrinus,tw40924784,臺中市,0pt
380,pigpig,tw98286133,臺中市,0pt
380,pikachu,tw78095888,臺中市,0pt
380,pinjun,tw54526787,南投縣,0pt
380,pola,tw68510115,臺中市,0pt
380,ptcg,tw95644190,臺北市,0pt
380,rain,tw88879468,高雄市,0pt
380,ray,tw52665529,桃園市,0pt
380,ray.,tw25863125,花蓮縣,0pt
380,redrock,tw52707168,桃園市,0pt
380,roro,tw36010830,桃園市,0pt
380,royhsieh,tw26601653,臺北市,0pt
380,ryan109030,tw65187569,雲林縣,0pt
380,ryan623,tw17855373,臺中市,0pt
380,sam,tw46476589,新北市,0pt
380,shark,tw80430967,臺中市,0pt
380,shawn,tw66015260,新竹市,0pt
380,song,tw34038322,新北市,0pt
380,tootoo,tw64088340,高雄市,0pt
380,toru,tw00466627,宜蘭縣,0pt
380,ttiiowo,tw03571198,高雄市,0pt
380,tty,tw72584093,高雄市,0pt
380,wei40811,tw95967582,臺北市,0pt
380,willy0913,tw01901139,新竹市,0pt
380,witt,tw79680820,高雄市,0pt
380,wyb,tw68226212,臺北市,0pt
380,yang,tw40060727,雲林縣,0pt
380,yichen,tw46940088,高雄市,0pt
380,yoyo,tw74871763,新竹縣,0pt
380,yuan,tw34093826,臺北市,0pt
380,yuhui,tw70563861,臺南市,0pt
380,z,tw96600955,高雄市,0pt
380,zhen,tw64397141,新北市,0pt
380,zhiling,tw31039115,新竹縣,0pt
380,zuf,tw17152765,臺北市,0pt
380,楊玄鋐,tw88268489,新北市,0pt
380,蛇龍,tw07063945,桃園市,0pt
