record_type,round,page_index,table_no,player_no,player_id,player_name,player_score,opponent_id,opponent_name,opponent_score,rank,total_score,omw_pct,wo_score,avomw_pct
round_pairing,Round 1,1,626,701,tw00370999,,,tw70158953,,,,,,,
round_pairing,Round 1,1,642,702,tw01901139,,,tw34038322,,,,,,,
round_pairing,Round 1,1,619,703,tw03103631,,,tw66007671,,,,,,,
round_pairing,Round 1,1,603,704,tw03538932,,,tw88542611,,,,,,,
round_pairing,Round 1,1,663,705,tw03966926,,,tw54462001,,,,,,,
round_pairing,Round 1,1,645,707,tw05033566,,,tw32908561,,,,,,,
round_pairing,Round 1,1,650,709,tw05745810,,,tw14778853,,,,,,,
round_pairing,Round 1,1,638,710,tw06195770,,,tw18142838,,,,,,,
round_pairing,Round 1,1,655,711,tw06198131,,,tw23419853,,,,,,,
round_pairing,Round 1,1,648,712,tw06637395,,,tw72722713,,,,,,,
round_pairing,Round 1,1,617,713,tw06774867,,,tw34406887,,,,,,,
round_pairing,Round 1,1,625,714,tw06882452,,,tw84778743,,,,,,,
round_pairing,Round 1,1,646,715,tw08952821,,,tw82272345,,,,,,,
round_pairing,Round 1,1,630,716,tw09082546,,,tw19962622,,,,,,,
round_pairing,Round 1,1,635,717,tw11445283,,,tw91113369,,,,,,,
round_pairing,Round 1,1,623,718,tw12141522,,,tw84697938,,,,,,,
round_pairing,Round 1,1,631,719,tw12360786,,,tw85313935,,,,,,,
round_pairing,Round 1,1,644,720,tw12392068,,,tw25513412,,,,,,,
round_pairing,Round 1,1,658,721,tw13175197,,,tw50896397,,,,,,,
round_pairing,Round 1,1,602,722,tw13785127,,,tw37286261,,,,,,,
round_pairing,Round 1,1,650,723,tw14778853,,,tw05745810,,,,,,,
round_pairing,Round 1,1,622,724,tw17698132,,,tw76708967,,,,,,,
round_pairing,Round 1,1,638,725,tw18142838,,,tw06195770,,,,,,,
round_pairing,Round 1,1,659,726,tw18336767,,,tw04232774,,,,,,,
round_pairing,Round 1,1,610,727,tw19067728,,,tw14215402,,,,,,,
round_pairing,Round 1,1,630,728,tw19962622,,,tw09082546,,,,,,,
round_pairing,Round 1,1,643,729,tw22332732,,,tw97066779,,,,,,,
round_pairing,Round 1,1,655,730,tw23419853,,,tw06198131,,,,,,,
round_pairing,Round 1,1,604,731,tw23693792,,,tw42212253,,,,,,,
round_pairing,Round 1,1,644,732,tw25513412,,,tw12392068,,,,,,,
round_pairing,Round 1,1,608,733,tw26186753,,,tw98358576,,,,,,,
round_pairing,Round 1,1,656,734,tw26640245,,,tw85497593,,,,,,,
round_pairing,Round 1,1,615,735,tw26987158,,,tw17279202,,,,,,,
round_pairing,Round 1,1,652,736,tw27088222,,,tw63611451,,,,,,,
round_pairing,Round 1,1,662,737,tw27112166,,,tw81358721,,,,,,,
round_pairing,Round 1,1,614,738,tw28434285,,,tw82187253,,,,,,,
round_pairing,Round 1,1,633,739,tw32262790,,,tw48904561,,,,,,,
round_pairing,Round 1,1,645,740,tw32908561,,,tw05033566,,,,,,,
round_pairing,Round 1,1,632,741,tw33233319,,,tw54587316,,,,,,,
round_pairing,Round 1,1,624,742,tw33463324,,,tw44232483,,,,,,,
round_pairing,Round 1,1,642,743,tw34038322,,,tw01901139,,,,,,,
round_pairing,Round 1,1,617,744,tw34406887,,,tw06774867,,,,,,,
round_pairing,Round 1,1,640,745,tw34855660,,,tw35592681,,,,,,,
round_pairing,Round 1,1,640,746,tw35592681,,,tw34855660,,,,,,,
round_pairing,Round 1,1,629,747,tw35693495,,,tw71024012,,,,,,,
round_pairing,Round 1,1,606,748,tw36617899,,,tw82494238,,,,,,,
round_pairing,Round 1,1,602,749,tw37286261,,,tw13785127,,,,,,,
round_pairing,Round 1,1,613,752,tw40670915,,,tw42986392,,,,,,,
round_pairing,Round 1,1,637,753,tw41391655,,,tw98239812,,,,,,,
round_pairing,Round 1,1,627,754,tw42163963,,,tw91915863,,,,,,,
round_pairing,Round 1,2,604,755,tw42212253,,,tw23693792,,,,,,,
round_pairing,Round 1,2,649,756,tw42668876,,,tw77919530,,,,,,,
round_pairing,Round 1,2,613,757,tw42986392,,,tw40670915,,,,,,,
round_pairing,Round 1,2,618,758,tw47954316,,,tw49181959,,,,,,,
round_pairing,Round 1,2,616,759,tw48442445,,,tw90833842,,,,,,,
round_pairing,Round 1,2,605,760,tw48530621,,,tw53413653,,,,,,,
round_pairing,Round 1,2,636,761,tw48711959,,,tw02519013,,,,,,,
round_pairing,Round 1,2,633,762,tw48904561,,,tw32262790,,,,,,,
round_pairing,Round 1,2,634,763,tw48910239,,,tw70935802,,,,,,,
round_pairing,Round 1,2,618,764,tw49181959,,,tw47954316,,,,,,,
round_pairing,Round 1,2,658,765,tw50896397,,,tw13175197,,,,,,,
round_pairing,Round 1,2,647,766,tw52313759,,,tw94001188,,,,,,,
round_pairing,Round 1,2,605,767,tw53413653,,,tw48530621,,,,,,,
round_pairing,Round 1,2,621,768,tw54152249,,,tw08069127,,,,,,,
round_pairing,Round 1,2,663,769,tw54462001,,,tw03966926,,,,,,,
round_pairing,Round 1,2,632,770,tw54587316,,,tw33233319,,,,,,,
round_pairing,Round 1,2,620,771,tw55391620,,,tw75574191,,,,,,,
round_pairing,Round 1,2,607,772,tw58176881,,,tw88014909,,,,,,,
round_pairing,Round 1,2,652,773,tw63611451,,,tw27088222,,,,,,,
round_pairing,Round 1,2,641,774,tw65322738,,,tw81419386,,,,,,,
round_pairing,Round 1,2,657,775,tw65988397,,,tw00060663,,,,,,,
round_pairing,Round 1,2,619,776,tw66007671,,,tw03103631,,,,,,,
round_pairing,Round 1,2,626,777,tw70158953,,,tw00370999,,,,,,,
round_pairing,Round 1,2,634,778,tw70935802,,,tw48910239,,,,,,,
round_pairing,Round 1,2,629,779,tw71024012,,,tw35693495,,,,,,,
round_pairing,Round 1,2,648,780,tw72722713,,,tw06637395,,,,,,,
round_pairing,Round 1,2,651,781,tw72949913,,,tw92487491,,,,,,,
round_pairing,Round 1,2,639,782,tw74783492,,,tw92318109,,,,,,,
round_pairing,Round 1,2,620,784,tw75574191,,,tw55391620,,,,,,,
round_pairing,Round 1,2,622,785,tw76708967,,,tw17698132,,,,,,,
round_pairing,Round 1,2,649,786,tw77919530,,,tw42668876,,,,,,,
round_pairing,Round 1,2,662,787,tw81358721,,,tw27112166,,,,,,,
round_pairing,Round 1,2,641,788,tw81419386,,,tw65322738,,,,,,,
round_pairing,Round 1,2,614,789,tw82187253,,,tw28434285,,,,,,,
round_pairing,Round 1,2,646,790,tw82272345,,,tw08952821,,,,,,,
round_pairing,Round 1,2,606,791,tw82494238,,,tw36617899,,,,,,,
round_pairing,Round 1,2,625,792,tw84778743,,,tw06882452,,,,,,,
round_pairing,Round 1,2,601,793,tw84957647,,,tw04224093,,,,,,,
round_pairing,Round 1,2,631,794,tw85313935,,,tw12360786,,,,,,,
round_pairing,Round 1,2,656,795,tw85497593,,,tw26640245,,,,,,,
round_pairing,Round 1,2,653,796,tw85693137,,,tw79421519,,,,,,,
round_pairing,Round 1,2,654,798,tw87203702,,,tw76224514,,,,,,,
round_pairing,Round 1,2,607,799,tw88014909,,,tw58176881,,,,,,,
round_pairing,Round 1,2,661,800,tw88469337,,,tw96234784,,,,,,,
round_pairing,Round 1,2,603,801,tw88542611,,,tw03538932,,,,,,,
round_pairing,Round 1,2,612,802,tw89832715,,,tw91466649,,,,,,,
round_pairing,Round 1,2,635,803,tw91113369,,,tw11445283,,,,,,,
round_pairing,Round 1,2,612,804,tw91466649,,,tw89832715,,,,,,,
round_pairing,Round 1,2,627,805,tw91915863,,,tw42163963,,,,,,,
round_pairing,Round 1,2,639,806,tw92318109,,,tw74783492,,,,,,,
round_pairing,Round 1,3,651,807,tw92487491,,,tw72949913,,,,,,,
round_pairing,Round 1,3,609,808,tw93782599,,,tw74295505,,,,,,,
round_pairing,Round 1,3,647,809,tw94001188,,,tw52313759,,,,,,,
round_pairing,Round 1,3,660,810,tw95235085,,,tw08948324,,,,,,,
round_pairing,Round 1,3,661,811,tw96234784,,,tw88469337,,,,,,,
round_pairing,Round 1,3,643,812,tw97066779,,,tw22332732,,,,,,,
round_pairing,Round 1,3,611,813,tw99268898,,,tw51675689,,,,,,,
round_pairing,Round 1,3,628,1012,tw81357440,,,tw22254647,,,,,,,
round_pairing,Round 1,3,615,1018,tw17279202,,,tw26987158,,,,,,,
round_pairing,Round 1,3,611,1053,tw51675689,,,tw99268898,,,,,,,
round_pairing,Round 1,3,610,1060,tw14215402,,,tw19067728,,,,,,,
round_pairing,Round 1,3,657,1063,tw00060663,,,tw65988397,,,,,,,
round_pairing,Round 1,3,628,1091,tw22254647,,,tw81357440,,,,,,,
round_pairing,Round 1,3,654,1097,tw76224514,,,tw87203702,,,,,,,
round_pairing,Round 1,3,601,1151,tw04224093,,,tw84957647,,,,,,,
round_pairing,Round 1,3,664,1160,tw34093826,,,,,,,,,,
round_pairing,Round 1,3,608,1176,tw98358576,,,tw26186753,,,,,,,
round_pairing,Round 1,3,636,1178,tw02519013,,,tw48711959,,,,,,,
round_pairing,Round 1,3,659,1190,tw04232774,,,tw18336767,,,,,,,
round_pairing,Round 1,3,660,1210,tw08948324,,,tw95235085,,,,,,,
round_pairing,Round 1,3,616,1219,tw90833842,,,tw48442445,,,,,,,
round_pairing,Round 1,3,623,1234,tw84697938,,,tw12141522,,,,,,,
round_pairing,Round 1,3,609,1245,tw74295505,,,tw93782599,,,,,,,
round_pairing,Round 1,3,653,1247,tw79421519,,,tw85693137,,,,,,,
round_pairing,Round 1,3,621,1262,tw08069127,,,tw54152249,,,,,,,
round_pairing,Round 1,3,624,1290,tw44232483,,,tw33463324,,,,,,,
round_pairing,Round 1,3,637,1298,tw98239812,,,tw41391655,,,,,,,
round_pairing,Round 2,1,604,701,tw00370999,,3,tw95235085,,3,,,,,
round_pairing,Round 2,1,657,702,tw01901139,,0,tw12360786,,0,,,,,
round_pairing,Round 2,1,605,703,tw03103631,,3,tw65322738,,3,,,,,
round_pairing,Round 2,1,610,704,tw03538932,,3,tw76224514,,3,,,,,
round_pairing,Round 2,1,663,705,tw03966926,,0,tw94001188,,0,,,,,
round_pairing,Round 2,1,608,707,tw05033566,,3,tw34406887,,3,,,,,
round_pairing,Round 2,1,633,709,tw05745810,,0,tw26987158,,0,,,,,
round_pairing,Round 2,1,635,710,tw06195770,,0,tw82494238,,0,,,,,
round_pairing,Round 2,1,620,711,tw06198131,,3,tw13785127,,3,,,,,
round_pairing,Round 2,1,644,712,tw06637395,,0,tw81357440,,0,,,,,
round_pairing,Round 2,1,646,713,tw06774867,,0,tw33463324,,0,,,,,
round_pairing,Round 2,1,654,714,tw06882452,,0,tw48904561,,0,,,,,
round_pairing,Round 2,1,626,715,tw08952821,,3,tw52313759,,3,,,,,
round_pairing,Round 2,1,609,716,tw09082546,,3,tw74783492,,3,,,,,
round_pairing,Round 2,1,655,717,tw11445283,,0,tw34093826,,0,,,,,
round_pairing,Round 2,1,634,718,tw12141522,,0,tw14215402,,0,,,,,
round_pairing,Round 2,1,657,719,tw12360786,,0,tw01901139,,0,,,,,
round_pairing,Round 2,1,629,720,tw12392068,,3,tw22254647,,3,,,,,
round_pairing,Round 2,1,652,721,tw13175197,,0,tw41391655,,0,,,,,
round_pairing,Round 2,1,620,722,tw13785127,,3,tw06198131,,3,,,,,
round_pairing,Round 2,1,617,723,tw14778853,,3,tw85693137,,3,,,,,
round_pairing,Round 2,1,640,724,tw17698132,,0,tw79421519,,0,,,,,
round_pairing,Round 2,1,627,725,tw18142838,,3,tw36617899,,3,,,,,
round_pairing,Round 2,1,648,726,tw18336767,,0,tw96234784,,0,,,,,
round_pairing,Round 2,1,631,727,tw19067728,,3,tw47954316,,3,,,,,
round_pairing,Round 2,1,641,728,tw19962622,,0,tw97066779,,0,,,,,
round_pairing,Round 2,1,602,729,tw22332732,,3,tw34038322,,3,,,,,
round_pairing,Round 2,1,662,730,tw23419853,,0,tw92487491,,0,,,,,
round_pairing,Round 2,1,651,731,tw23693792,,0,tw42163963,,0,,,,,
round_pairing,Round 2,1,661,732,tw25513412,,0,tw48530621,,0,,,,,
round_pairing,Round 2,1,622,733,tw26186753,,3,tw50896397,,3,,,,,
round_pairing,Round 2,1,650,734,tw26640245,,0,tw74295505,,0,,,,,
round_pairing,Round 2,1,633,735,tw26987158,,0,tw05745810,,0,,,,,
round_pairing,Round 2,1,607,736,tw27088222,,3,tw27112166,,3,,,,,
round_pairing,Round 2,1,607,737,tw27112166,,3,tw27088222,,3,,,,,
round_pairing,Round 2,1,642,738,tw28434285,,0,tw65988397,,0,,,,,
round_pairing,Round 2,1,625,739,tw32262790,,3,tw44232483,,3,,,,,
round_pairing,Round 2,1,658,740,tw32908561,,0,tw70935802,,0,,,,,
round_pairing,Round 2,1,645,741,tw33233319,,0,tw92318109,,0,,,,,
round_pairing,Round 2,1,646,742,tw33463324,,0,tw06774867,,0,,,,,
round_pairing,Round 2,1,602,743,tw34038322,,3,tw22332732,,3,,,,,
round_pairing,Round 2,1,608,744,tw34406887,,3,tw05033566,,3,,,,,
round_pairing,Round 2,1,638,745,tw34855660,,0,tw66007671,,0,,,,,
round_pairing,Round 2,1,613,746,tw35592681,,3,tw55391620,,3,,,,,
round_pairing,Round 2,1,621,747,tw35693495,,3,tw72949913,,3,,,,,
round_pairing,Round 2,1,627,748,tw36617899,,3,tw18142838,,3,,,,,
round_pairing,Round 2,1,659,749,tw37286261,,0,tw63611451,,0,,,,,
round_pairing,Round 2,1,601,751,tw39542305,,3,tw48711959,,3,,,,,
round_pairing,Round 2,1,632,752,tw40670915,,3,tw82187253,,3,,,,,
round_pairing,Round 2,1,652,753,tw41391655,,0,tw13175197,,0,,,,,
round_pairing,Round 2,2,651,754,tw42163963,,0,tw23693792,,0,,,,,
round_pairing,Round 2,2,623,755,tw42212253,,3,tw84778743,,3,,,,,
round_pairing,Round 2,2,653,756,tw42668876,,0,tw70158953,,0,,,,,
round_pairing,Round 2,2,643,757,tw42986392,,0,tw81419386,,0,,,,,
round_pairing,Round 2,2,631,758,tw47954316,,3,tw19067728,,3,,,,,
round_pairing,Round 2,2,615,759,tw48442445,,3,tw04224093,,3,,,,,
round_pairing,Round 2,2,661,760,tw48530621,,0,tw25513412,,0,,,,,
round_pairing,Round 2,2,601,761,tw48711959,,3,tw39542305,,3,,,,,
round_pairing,Round 2,2,654,762,tw48904561,,0,tw06882452,,0,,,,,
round_pairing,Round 2,2,630,763,tw48910239,,3,tw88469337,,3,,,,,
round_pairing,Round 2,2,647,764,tw49181959,,0,tw71024012,,0,,,,,
round_pairing,Round 2,2,622,765,tw50896397,,3,tw26186753,,3,,,,,
round_pairing,Round 2,2,626,766,tw52313759,,3,tw08952821,,3,,,,,
round_pairing,Round 2,2,628,767,tw53413653,,3,tw54462001,,3,,,,,
round_pairing,Round 2,2,611,768,tw54152249,,3,tw17279202,,3,,,,,
round_pairing,Round 2,2,628,769,tw54462001,,3,tw53413653,,3,,,,,
round_pairing,Round 2,2,603,770,tw54587316,,3,tw93782599,,3,,,,,
round_pairing,Round 2,2,613,771,tw55391620,,3,tw35592681,,3,,,,,
round_pairing,Round 2,2,624,772,tw58176881,,3,tw51675689,,3,,,,,
round_pairing,Round 2,2,659,773,tw63611451,,0,tw37286261,,0,,,,,
round_pairing,Round 2,2,605,774,tw65322738,,3,tw03103631,,3,,,,,
round_pairing,Round 2,2,642,775,tw65988397,,0,tw28434285,,0,,,,,
round_pairing,Round 2,2,638,776,tw66007671,,0,tw34855660,,0,,,,,
round_pairing,Round 2,2,653,777,tw70158953,,0,tw42668876,,0,,,,,
round_pairing,Round 2,2,658,778,tw70935802,,0,tw32908561,,0,,,,,
round_pairing,Round 2,2,647,779,tw71024012,,0,tw49181959,,0,,,,,
round_pairing,Round 2,2,614,780,tw72722713,,3,tw76708967,,3,,,,,
round_pairing,Round 2,2,621,781,tw72949913,,3,tw35693495,,3,,,,,
round_pairing,Round 2,2,609,782,tw74783492,,3,tw09082546,,3,,,,,
round_pairing,Round 2,2,636,784,tw75574191,,0,tw08069127,,0,,,,,
round_pairing,Round 2,2,614,785,tw76708967,,3,tw72722713,,3,,,,,
round_pairing,Round 2,2,616,786,tw77919530,,3,tw91915863,,3,,,,,
round_pairing,Round 2,2,639,787,tw81358721,,0,tw88542611,,0,,,,,
round_pairing,Round 2,2,643,788,tw81419386,,0,tw42986392,,0,,,,,
round_pairing,Round 2,2,632,789,tw82187253,,3,tw40670915,,3,,,,,
round_pairing,Round 2,2,637,790,tw82272345,,0,tw99268898,,0,,,,,
round_pairing,Round 2,2,635,791,tw82494238,,0,tw06195770,,0,,,,,
round_pairing,Round 2,2,623,792,tw84778743,,3,tw42212253,,3,,,,,
round_pairing,Round 2,2,656,793,tw84957647,,0,tw90833842,,0,,,,,
round_pairing,Round 2,2,606,794,tw85313935,,3,tw98239812,,3,,,,,
round_pairing,Round 2,2,612,795,tw85497593,,3,tw04232774,,3,,,,,
round_pairing,Round 2,2,617,796,tw85693137,,3,tw14778853,,3,,,,,
round_pairing,Round 2,2,664,798,tw87203702,,0,tw08948324,,0,,,,,
round_pairing,Round 2,2,660,799,tw88014909,,0,tw89832715,,0,,,,,
round_pairing,Round 2,2,630,800,tw88469337,,3,tw48910239,,3,,,,,
round_pairing,Round 2,2,639,801,tw88542611,,0,tw81358721,,0,,,,,
round_pairing,Round 2,2,660,802,tw89832715,,0,tw88014909,,0,,,,,
round_pairing,Round 2,2,618,803,tw91113369,,3,tw91466649,,3,,,,,
round_pairing,Round 2,2,618,804,tw91466649,,3,tw91113369,,3,,,,,
round_pairing,Round 2,2,616,805,tw91915863,,3,tw77919530,,3,,,,,
round_pairing,Round 2,3,645,806,tw92318109,,0,tw33233319,,0,,,,,
round_pairing,Round 2,3,662,807,tw92487491,,0,tw23419853,,0,,,,,
round_pairing,Round 2,3,603,808,tw93782599,,3,tw54587316,,3,,,,,
round_pairing,Round 2,3,663,809,tw94001188,,0,tw03966926,,0,,,,,
round_pairing,Round 2,3,604,810,tw95235085,,3,tw00370999,,3,,,,,
round_pairing,Round 2,3,648,811,tw96234784,,0,tw18336767,,0,,,,,
round_pairing,Round 2,3,641,812,tw97066779,,0,tw19962622,,0,,,,,
round_pairing,Round 2,3,637,813,tw99268898,,0,tw82272345,,0,,,,,
round_pairing,Round 2,3,644,1012,tw81357440,,0,tw06637395,,0,,,,,
round_pairing,Round 2,3,611,1018,tw17279202,,3,tw54152249,,3,,,,,
round_pairing,Round 2,3,624,1053,tw51675689,,3,tw58176881,,3,,,,,
round_pairing,Round 2,3,634,1060,tw14215402,,0,tw12141522,,0,,,,,
round_pairing,Round 2,3,619,1063,tw00060663,,3,tw84697938,,3,,,,,
round_pairing,Round 2,3,629,1091,tw22254647,,3,tw12392068,,3,,,,,
round_pairing,Round 2,3,610,1097,tw76224514,,3,tw03538932,,3,,,,,
round_pairing,Round 2,3,615,1151,tw04224093,,3,tw48442445,,3,,,,,
round_pairing,Round 2,3,655,1160,tw34093826,,0,tw11445283,,0,,,,,
round_pairing,Round 2,3,649,1176,tw98358576,,0,tw02519013,,0,,,,,
round_pairing,Round 2,3,649,1178,tw02519013,,0,tw98358576,,0,,,,,
round_pairing,Round 2,3,612,1190,tw04232774,,3,tw85497593,,3,,,,,
round_pairing,Round 2,3,664,1210,tw08948324,,0,tw87203702,,0,,,,,
round_pairing,Round 2,3,656,1219,tw90833842,,0,tw84957647,,0,,,,,
round_pairing,Round 2,3,619,1234,tw84697938,,3,tw00060663,,3,,,,,
round_pairing,Round 2,3,650,1245,tw74295505,,0,tw26640245,,0,,,,,
round_pairing,Round 2,3,640,1247,tw79421519,,0,tw17698132,,0,,,,,
round_pairing,Round 2,3,636,1262,tw08069127,,0,tw75574191,,0,,,,,
round_pairing,Round 2,3,625,1290,tw44232483,,3,tw32262790,,3,,,,,
round_pairing,Round 2,3,606,1298,tw98239812,,3,tw85313935,,3,,,,,
round_pairing,Round 3,1,602,701,tw00370999,,6,tw50896397,,6,,,,,
round_pairing,Round 3,1,647,702,tw01901139,,3,tw70935802,,3,,,,,
round_pairing,Round 3,1,607,703,tw03103631,,6,tw85497593,,6,,,,,
round_pairing,Round 3,1,612,704,tw03538932,,6,tw34406887,,6,,,,,
round_pairing,Round 3,1,655,705,tw03966926,,0,tw63611451,,0,,,,,
round_pairing,Round 3,1,618,707,tw05033566,,3,tw48904561,,3,,,,,
round_pairing,Round 3,1,663,709,tw05745810,,0,tw81419386,,0,,,,,
round_pairing,Round 3,1,654,710,tw06195770,,0,tw25513412,,0,,,,,
round_pairing,Round 3,1,623,711,tw06198131,,3,tw74295505,,3,,,,,
round_pairing,Round 3,1,622,712,tw06637395,,3,tw49181959,,3,,,,,
round_pairing,Round 3,1,656,713,tw06774867,,0,tw41391655,,0,,,,,
round_pairing,Round 3,1,662,714,tw06882452,,0,tw12360786,,0,,,,,
round_pairing,Round 3,1,603,715,tw08952821,,6,tw36617899,,6,,,,,
round_pairing,Round 3,1,616,716,tw09082546,,6,tw39542305,,3,,,,,
round_pairing,Round 3,1,653,717,tw11445283,,0,tw92318109,,0,,,,,
round_pairing,Round 3,1,621,718,tw12141522,,3,tw74783492,,3,,,,,
round_pairing,Round 3,1,662,719,tw12360786,,0,tw06882452,,0,,,,,
round_pairing,Round 3,1,643,720,tw12392068,,3,tw40670915,,3,,,,,
round_pairing,Round 3,1,619,721,tw13175197,,3,tw58176881,,3,,,,,
round_pairing,Round 3,1,614,722,tw13785127,,6,tw48711959,,6,,,,,
round_pairing,Round 3,1,605,723,tw14778853,,6,tw91466649,,6,,,,,
round_pairing,Round 3,1,625,724,tw17698132,,3,tw91113369,,3,,,,,
round_pairing,Round 3,1,633,725,tw18142838,,3,tw88469337,,3,,,,,
round_pairing,Round 3,1,637,726,tw18336767,,3,tw65322738,,3,,,,,
round_pairing,Round 3,1,629,727,tw19067728,,3,tw08948324,,3,,,,,
round_pairing,Round 3,1,657,728,tw19962622,,0,tw23693792,,0,,,,,
round_pairing,Round 3,1,604,729,tw22332732,,6,tw27088222,,6,,,,,
round_pairing,Round 3,1,635,730,tw23419853,,3,tw42212253,,3,,,,,
round_pairing,Round 3,1,657,731,tw23693792,,0,tw19962622,,0,,,,,
round_pairing,Round 3,1,654,732,tw25513412,,0,tw06195770,,0,,,,,
round_pairing,Round 3,1,646,733,tw26186753,,3,tw48530621,,3,,,,,
round_pairing,Round 3,1,650,734,tw26640245,,0,tw88014909,,0,,,,,
round_pairing,Round 3,1,620,735,tw26987158,,3,tw44232483,,3,,,,,
round_pairing,Round 3,1,604,736,tw27088222,,6,tw22332732,,6,,,,,
round_pairing,Round 3,1,645,737,tw27112166,,3,tw98358576,,3,,,,,
round_pairing,Round 3,1,649,738,tw28434285,,0,tw92487491,,0,,,,,
round_pairing,Round 3,1,601,739,tw32262790,,6,tw82187253,,6,,,,,
round_pairing,Round 3,1,659,740,tw32908561,,0,tw70158953,,0,,,,,
round_pairing,Round 3,1,632,741,tw33233319,,3,tw53413653,,3,,,,,
round_pairing,Round 3,1,624,742,tw33463324,,3,tw47954316,,3,,,,,
round_pairing,Round 3,1,642,743,tw34038322,,3,tw66007671,,3,,,,,
round_pairing,Round 3,1,612,744,tw34406887,,6,tw03538932,,6,,,,,
round_pairing,Round 3,1,664,745,tw34855660,,0,tw81358721,,0,,,,,
round_pairing,Round 3,1,611,746,tw35592681,,6,tw48442445,,6,,,,,
round_pairing,Round 3,1,626,747,tw35693495,,3,tw17279202,,3,,,,,
round_pairing,Round 3,1,603,748,tw36617899,,6,tw08952821,,6,,,,,
round_pairing,Round 3,1,627,749,tw37286261,,3,tw34093826,,3,,,,,
round_pairing,Round 3,1,616,751,tw39542305,,3,tw09082546,,6,,,,,
round_pairing,Round 3,1,643,752,tw40670915,,3,tw12392068,,3,,,,,
round_pairing,Round 3,1,656,753,tw41391655,,0,tw06774867,,0,,,,,
round_pairing,Round 3,2,641,754,tw42163963,,3,tw76224514,,3,,,,,
round_pairing,Round 3,2,635,755,tw42212253,,3,tw23419853,,3,,,,,
round_pairing,Round 3,2,638,756,tw42668876,,3,tw85693137,,3,,,,,
round_pairing,Round 3,2,644,757,tw42986392,,3,tw52313759,,3,,,,,
round_pairing,Round 3,2,624,758,tw47954316,,3,tw33463324,,3,,,,,
round_pairing,Round 3,2,611,759,tw48442445,,6,tw35592681,,6,,,,,
round_pairing,Round 3,2,646,760,tw48530621,,3,tw26186753,,3,,,,,
round_pairing,Round 3,2,614,761,tw48711959,,6,tw13785127,,6,,,,,
round_pairing,Round 3,2,618,762,tw48904561,,3,tw05033566,,3,,,,,
round_pairing,Round 3,2,606,763,tw48910239,,6,tw54587316,,6,,,,,
round_pairing,Round 3,2,622,764,tw49181959,,3,tw06637395,,3,,,,,
round_pairing,Round 3,2,602,765,tw50896397,,6,tw00370999,,6,,,,,
round_pairing,Round 3,2,644,766,tw52313759,,3,tw42986392,,3,,,,,
round_pairing,Round 3,2,632,767,tw53413653,,3,tw33233319,,3,,,,,
round_pairing,Round 3,2,615,768,tw54152249,,6,tw77919530,,6,,,,,
round_pairing,Round 3,2,610,769,tw54462001,,6,tw22254647,,6,,,,,
round_pairing,Round 3,2,606,770,tw54587316,,6,tw48910239,,6,,,,,
round_pairing,Round 3,2,634,771,tw55391620,,3,tw84957647,,3,,,,,
round_pairing,Round 3,2,619,772,tw58176881,,3,tw13175197,,3,,,,,
round_pairing,Round 3,2,655,773,tw63611451,,0,tw03966926,,0,,,,,
round_pairing,Round 3,2,637,774,tw65322738,,3,tw18336767,,3,,,,,
round_pairing,Round 3,2,640,775,tw65988397,,3,tw95235085,,3,,,,,
round_pairing,Round 3,2,642,776,tw66007671,,3,tw34038322,,3,,,,,
round_pairing,Round 3,2,659,777,tw70158953,,0,tw32908561,,0,,,,,
round_pairing,Round 3,2,647,778,tw70935802,,3,tw01901139,,3,,,,,
round_pairing,Round 3,2,658,779,tw71024012,,0,tw14215402,,0,,,,,
round_pairing,Round 3,2,617,780,tw72722713,,3,tw91915863,,3,,,,,
round_pairing,Round 3,2,608,781,tw72949913,,6,tw76708967,,6,,,,,
round_pairing,Round 3,2,621,782,tw74783492,,3,tw12141522,,3,,,,,
round_pairing,Round 3,2,652,784,tw75574191,,0,tw87203702,,0,,,,,
round_pairing,Round 3,2,608,785,tw76708967,,6,tw72949913,,6,,,,,
round_pairing,Round 3,2,615,786,tw77919530,,6,tw54152249,,6,,,,,
round_pairing,Round 3,2,664,787,tw81358721,,0,tw34855660,,0,,,,,
round_pairing,Round 3,2,663,788,tw81419386,,0,tw05745810,,0,,,,,
round_pairing,Round 3,2,601,789,tw82187253,,6,tw32262790,,6,,,,,
round_pairing,Round 3,2,628,790,tw82272345,,3,tw08069127,,3,,,,,
round_pairing,Round 3,2,636,791,tw82494238,,3,tw97066779,,3,,,,,
round_pairing,Round 3,2,613,792,tw84778743,,6,tw00060663,,6,,,,,
round_pairing,Round 3,2,634,793,tw84957647,,3,tw55391620,,3,,,,,
round_pairing,Round 3,2,609,794,tw85313935,,6,tw51675689,,6,,,,,
round_pairing,Round 3,2,607,795,tw85497593,,6,tw03103631,,6,,,,,
round_pairing,Round 3,2,638,796,tw85693137,,3,tw42668876,,3,,,,,
round_pairing,Round 3,2,652,798,tw87203702,,0,tw75574191,,0,,,,,
round_pairing,Round 3,2,650,799,tw88014909,,0,tw26640245,,0,,,,,
round_pairing,Round 3,2,633,800,tw88469337,,3,tw18142838,,3,,,,,
round_pairing,Round 3,2,639,801,tw88542611,,3,tw04224093,,3,,,,,
round_pairing,Round 3,2,648,802,tw89832715,,3,tw98239812,,3,,,,,
round_pairing,Round 3,2,625,803,tw91113369,,3,tw17698132,,3,,,,,
round_pairing,Round 3,2,605,804,tw91466649,,6,tw14778853,,6,,,,,
round_pairing,Round 3,2,617,805,tw91915863,,3,tw72722713,,3,,,,,
round_pairing,Round 3,3,653,806,tw92318109,,0,tw11445283,,0,,,,,
round_pairing,Round 3,3,649,807,tw92487491,,0,tw28434285,,0,,,,,
round_pairing,Round 3,3,630,808,tw93782599,,3,tw84697938,,3,,,,,
round_pairing,Round 3,3,631,809,tw94001188,,3,tw04232774,,3,,,,,
round_pairing,Round 3,3,640,810,tw95235085,,3,tw65988397,,3,,,,,
round_pairing,Round 3,3,661,811,tw96234784,,0,tw02519013,,0,,,,,
round_pairing,Round 3,3,636,812,tw97066779,,3,tw82494238,,3,,,,,
round_pairing,Round 3,3,660,813,tw99268898,,0,tw81357440,,0,,,,,
round_pairing,Round 3,3,660,1012,tw81357440,,0,tw99268898,,0,,,,,
round_pairing,Round 3,3,626,1018,tw17279202,,3,tw35693495,,3,,,,,
round_pairing,Round 3,3,609,1053,tw51675689,,6,tw85313935,,6,,,,,
round_pairing,Round 3,3,658,1060,tw14215402,,0,tw71024012,,0,,,,,
round_pairing,Round 3,3,613,1063,tw00060663,,6,tw84778743,,6,,,,,
round_pairing,Round 3,3,610,1091,tw22254647,,6,tw54462001,,6,,,,,
round_pairing,Round 3,3,641,1097,tw76224514,,3,tw42163963,,3,,,,,
round_pairing,Round 3,3,639,1151,tw04224093,,3,tw88542611,,3,,,,,
round_pairing,Round 3,3,627,1160,tw34093826,,3,tw37286261,,3,,,,,
round_pairing,Round 3,3,645,1176,tw98358576,,3,tw27112166,,3,,,,,
round_pairing,Round 3,3,661,1178,tw02519013,,0,tw96234784,,0,,,,,
round_pairing,Round 3,3,631,1190,tw04232774,,3,tw94001188,,3,,,,,
round_pairing,Round 3,3,629,1210,tw08948324,,3,tw19067728,,3,,,,,
round_pairing,Round 3,3,651,1219,tw90833842,,0,tw79421519,,0,,,,,
round_pairing,Round 3,3,630,1234,tw84697938,,3,tw93782599,,3,,,,,
round_pairing,Round 3,3,623,1245,tw74295505,,3,tw06198131,,3,,,,,
round_pairing,Round 3,3,651,1247,tw79421519,,0,tw90833842,,0,,,,,
round_pairing,Round 3,3,628,1262,tw08069127,,3,tw82272345,,3,,,,,
round_pairing,Round 3,3,620,1290,tw44232483,,3,tw26987158,,3,,,,,
round_pairing,Round 3,3,648,1298,tw98239812,,3,tw89832715,,3,,,,,
round_pairing,Round 4,1,601,701,tw00370999,,9,tw22332732,,9,,,,,
round_pairing,Round 4,1,637,702,tw01901139,,3,tw42668876,,3,,,,,
round_pairing,Round 4,1,626,703,tw03103631,,6,tw17698132,,6,,,,,
round_pairing,Round 4,1,628,704,tw03538932,,6,tw18142838,,6,,,,,
round_pairing,Round 4,1,663,705,tw03966926,,0,tw34855660,,0,,,,,
round_pairing,Round 4,1,613,707,tw05033566,,6,tw06198131,,6,,,,,
round_pairing,Round 4,1,644,709,tw05745810,,3,tw65988397,,3,,,,,
round_pairing,Round 4,1,661,710,tw06195770,,0,tw06882452,,0,,,,,
round_pairing,Round 4,1,613,711,tw06198131,,6,tw05033566,,6,,,,,
round_pairing,Round 4,1,615,712,tw06637395,,6,tw40670915,,6,,,,,
round_pairing,Round 4,1,654,713,tw06774867,,3,tw99268898,,3,,,,,
round_pairing,Round 4,1,661,714,tw06882452,,0,tw06195770,,0,,,,,
round_pairing,Round 4,1,629,715,tw08952821,,6,tw55391620,,6,,,,,
round_pairing,Round 4,1,609,716,tw09082546,,6,tw33463324,,6,,,,,
round_pairing,Round 4,1,658,717,tw11445283,,0,tw32908561,,0,,,,,
round_pairing,Round 4,1,648,718,tw12141522,,3,tw75574191,,3,,,,,
round_pairing,Round 4,1,635,719,tw12360786,,3,tw81358721,,3,,,,,
round_pairing,Round 4,1,646,720,tw12392068,,3,tw02519013,,3,,,,,
round_pairing,Round 4,1,619,721,tw13175197,,6,tw22254647,,6,,,,,
round_pairing,Round 4,1,605,722,tw13785127,,9,tw82187253,,9,,,,,
round_pairing,Round 4,1,611,723,tw14778853,,6,tw95235085,,6,,,,,
round_pairing,Round 4,1,626,724,tw17698132,,6,tw03103631,,6,,,,,
round_pairing,Round 4,1,628,725,tw18142838,,6,tw03538932,,6,,,,,
round_pairing,Round 4,1,631,726,tw18336767,,6,tw74783492,,6,,,,,
round_pairing,Round 4,1,616,727,tw19067728,,6,tw93782599,,6,,,,,
round_pairing,Round 4,1,660,728,tw19962622,,0,tw14215402,,0,,,,,
round_pairing,Round 4,1,601,729,tw22332732,,9,tw00370999,,9,,,,,
round_pairing,Round 4,1,618,730,tw23419853,,6,tw85313935,,6,,,,,
round_pairing,Round 4,1,633,731,tw23693792,,3,tw70158953,,3,,,,,
round_pairing,Round 4,1,636,732,tw25513412,,3,tw88014909,,3,,,,,
round_pairing,Round 4,1,624,733,tw26186753,,6,tw77919530,,6,,,,,
round_pairing,Round 4,1,659,734,tw26640245,,0,tw41391655,,0,,,,,
round_pairing,Round 4,1,643,735,tw26987158,,3,tw48904561,,3,,,,,
round_pairing,Round 4,1,610,736,tw27088222,,6,tw33233319,,6,,,,,
round_pairing,Round 4,1,647,737,tw27112166,,3,tw34038322,,3,,,,,
round_pairing,Round 4,1,634,738,tw28434285,,3,tw82272345,,3,,,,,
round_pairing,Round 4,1,617,739,tw32262790,,6,tw66007671,,6,,,,,
round_pairing,Round 4,1,658,740,tw32908561,,0,tw11445283,,0,,,,,
round_pairing,Round 4,1,610,741,tw33233319,,6,tw27088222,,6,,,,,
round_pairing,Round 4,1,609,742,tw33463324,,6,tw09082546,,6,,,,,
round_pairing,Round 4,1,647,743,tw34038322,,3,tw27112166,,3,,,,,
round_pairing,Round 4,1,606,744,tw34406887,,9,tw51675689,,9,,,,,
round_pairing,Round 4,1,663,745,tw34855660,,0,tw03966926,,0,,,,,
round_pairing,Round 4,1,602,746,tw35592681,,9,tw84778743,,9,,,,,
round_pairing,Round 4,1,621,747,tw35693495,,6,tw34093826,,6,,,,,
round_pairing,Round 4,1,603,748,tw36617899,,9,tw91466649,,9,,,,,
round_pairing,Round 4,1,652,749,tw37286261,,3,tw53413653,,3,,,,,
round_pairing,Round 4,1,608,751,tw39542305,,6,tw76708967,,9,,,,,
round_pairing,Round 4,1,615,752,tw40670915,,6,tw06637395,,6,,,,,
round_pairing,Round 4,1,659,753,tw41391655,,0,tw26640245,,0,,,,,
round_pairing,Round 4,2,612,754,tw42163963,,6,tw48711959,,6,,,,,
round_pairing,Round 4,2,641,755,tw42212253,,3,tw08948324,,3,,,,,
round_pairing,Round 4,2,637,756,tw42668876,,3,tw01901139,,3,,,,,
round_pairing,Round 4,2,630,757,tw42986392,,6,tw88542611,,6,,,,,
round_pairing,Round 4,2,640,758,tw47954316,,3,tw74295505,,3,,,,,
round_pairing,Round 4,2,620,759,tw48442445,,6,tw50896397,,6,,,,,
round_pairing,Round 4,2,642,760,tw48530621,,3,tw04224093,,3,,,,,
round_pairing,Round 4,2,612,761,tw48711959,,6,tw42163963,,6,,,,,
round_pairing,Round 4,2,643,762,tw48904561,,3,tw26987158,,3,,,,,
round_pairing,Round 4,2,623,763,tw48910239,,6,tw89832715,,6,,,,,
round_pairing,Round 4,2,651,764,tw49181959,,3,tw58176881,,3,,,,,
round_pairing,Round 4,2,620,765,tw50896397,,6,tw48442445,,6,,,,,
round_pairing,Round 4,2,655,766,tw52313759,,3,tw04232774,,3,,,,,
round_pairing,Round 4,2,652,767,tw53413653,,3,tw37286261,,3,,,,,
round_pairing,Round 4,2,604,768,tw54152249,,9,tw85497593,,9,,,,,
round_pairing,Round 4,2,607,769,tw54462001,,9,tw54587316,,9,,,,,
round_pairing,Round 4,2,607,770,tw54587316,,9,tw54462001,,9,,,,,
round_pairing,Round 4,2,629,771,tw55391620,,6,tw08952821,,6,,,,,
round_pairing,Round 4,2,651,772,tw58176881,,3,tw49181959,,3,,,,,
round_pairing,Round 4,2,653,773,tw63611451,,3,tw71024012,,3,,,,,
round_pairing,Round 4,2,638,774,tw65322738,,3,tw79421519,,3,,,,,
round_pairing,Round 4,2,644,775,tw65988397,,3,tw05745810,,3,,,,,
round_pairing,Round 4,2,617,776,tw66007671,,6,tw32262790,,6,,,,,
round_pairing,Round 4,2,633,777,tw70158953,,3,tw23693792,,3,,,,,
round_pairing,Round 4,2,614,778,tw70935802,,6,tw08069127,,6,,,,,
round_pairing,Round 4,2,653,779,tw71024012,,3,tw63611451,,3,,,,,
round_pairing,Round 4,2,622,780,tw72722713,,6,tw00060663,,6,,,,,
round_pairing,Round 4,2,627,781,tw72949913,,6,tw94001188,,6,,,,,
round_pairing,Round 4,2,631,782,tw74783492,,6,tw18336767,,6,,,,,
round_pairing,Round 4,2,648,784,tw75574191,,3,tw12141522,,3,,,,,
round_pairing,Round 4,2,608,785,tw76708967,,9,tw39542305,,6,,,,,
round_pairing,Round 4,2,624,786,tw77919530,,6,tw26186753,,6,,,,,
round_pairing,Round 4,2,635,787,tw81358721,,3,tw12360786,,3,,,,,
round_pairing,Round 4,2,657,788,tw81419386,,0,tw92487491,,0,,,,,
round_pairing,Round 4,2,605,789,tw82187253,,9,tw13785127,,9,,,,,
round_pairing,Round 4,2,634,790,tw82272345,,3,tw28434285,,3,,,,,
round_pairing,Round 4,2,656,791,tw82494238,,3,tw76224514,,3,,,,,
round_pairing,Round 4,2,602,792,tw84778743,,9,tw35592681,,9,,,,,
round_pairing,Round 4,2,639,793,tw84957647,,3,tw88469337,,3,,,,,
round_pairing,Round 4,2,618,794,tw85313935,,6,tw23419853,,6,,,,,
round_pairing,Round 4,2,604,795,tw85497593,,9,tw54152249,,9,,,,,
round_pairing,Round 4,2,625,796,tw85693137,,6,tw97066779,,6,,,,,
round_pairing,Round 4,2,662,798,tw87203702,,0,tw81357440,,0,,,,,
round_pairing,Round 4,2,636,799,tw88014909,,3,tw25513412,,3,,,,,
round_pairing,Round 4,2,639,800,tw88469337,,3,tw84957647,,3,,,,,
round_pairing,Round 4,2,630,801,tw88542611,,6,tw42986392,,6,,,,,
round_pairing,Round 4,2,623,802,tw89832715,,6,tw48910239,,6,,,,,
round_pairing,Round 4,2,649,803,tw91113369,,3,tw91915863,,3,,,,,
round_pairing,Round 4,2,603,804,tw91466649,,9,tw36617899,,9,,,,,
round_pairing,Round 4,2,649,805,tw91915863,,3,tw91113369,,3,,,,,
round_pairing,Round 4,3,645,806,tw92318109,,3,tw17279202,,3,,,,,
round_pairing,Round 4,3,657,807,tw92487491,,0,tw81419386,,0,,,,,
round_pairing,Round 4,3,616,808,tw93782599,,6,tw19067728,,6,,,,,
round_pairing,Round 4,3,627,809,tw94001188,,6,tw72949913,,6,,,,,
round_pairing,Round 4,3,611,810,tw95235085,,6,tw14778853,,6,,,,,
round_pairing,Round 4,3,625,812,tw97066779,,6,tw85693137,,6,,,,,
round_pairing,Round 4,3,654,813,tw99268898,,3,tw06774867,,3,,,,,
round_pairing,Round 4,3,662,1012,tw81357440,,0,tw87203702,,0,,,,,
round_pairing,Round 4,3,645,1018,tw17279202,,3,tw92318109,,3,,,,,
round_pairing,Round 4,3,606,1053,tw51675689,,9,tw34406887,,9,,,,,
round_pairing,Round 4,3,660,1060,tw14215402,,0,tw19962622,,0,,,,,
round_pairing,Round 4,3,622,1063,tw00060663,,6,tw72722713,,6,,,,,
round_pairing,Round 4,3,619,1091,tw22254647,,6,tw13175197,,6,,,,,
round_pairing,Round 4,3,656,1097,tw76224514,,3,tw82494238,,3,,,,,
round_pairing,Round 4,3,642,1151,tw04224093,,3,tw48530621,,3,,,,,
round_pairing,Round 4,3,621,1160,tw34093826,,6,tw35693495,,6,,,,,
round_pairing,Round 4,3,632,1176,tw98358576,,6,tw44232483,,6,,,,,
round_pairing,Round 4,3,646,1178,tw02519013,,3,tw12392068,,3,,,,,
round_pairing,Round 4,3,655,1190,tw04232774,,3,tw52313759,,3,,,,,
round_pairing,Round 4,3,641,1210,tw08948324,,3,tw42212253,,3,,,,,
round_pairing,Round 4,3,650,1234,tw84697938,,3,tw98239812,,3,,,,,
round_pairing,Round 4,3,640,1245,tw74295505,,3,tw47954316,,3,,,,,
round_pairing,Round 4,3,638,1247,tw79421519,,3,tw65322738,,3,,,,,
round_pairing,Round 4,3,614,1262,tw08069127,,6,tw70935802,,6,,,,,
round_pairing,Round 4,3,632,1290,tw44232483,,6,tw98358576,,6,,,,,
round_pairing,Round 4,3,650,1298,tw98239812,,3,tw84697938,,3,,,,,
round_pairing,Round 5,1,616,701,tw00370999,,9,tw27088222,,9,,,,,
round_pairing,Round 5,1,632,702,tw01901139,,6,tw65988397,,6,,,,,
round_pairing,Round 5,1,609,703,tw03103631,,9,tw77919530,,9,,,,,
round_pairing,Round 5,1,610,704,tw03538932,,9,tw40670915,,9,,,,,
round_pairing,Round 5,1,659,705,tw03966926,,0,,,,,,,,
round_pairing,Round 5,1,635,707,tw05033566,,6,tw50896397,,6,,,,,
round_pairing,Round 5,1,655,709,tw05745810,,3,tw88014909,,3,,,,,
round_pairing,Round 5,1,643,710,tw06195770,,3,tw06774867,,3,,,,,
round_pairing,Round 5,1,617,711,tw06198131,,9,tw72722713,,9,,,,,
round_pairing,Round 5,1,638,712,tw06637395,,6,tw84957647,,6,,,,,
round_pairing,Round 5,1,643,713,tw06774867,,3,tw06195770,,3,,,,,
round_pairing,Round 5,1,656,714,tw06882452,,0,tw19962622,,3,,,,,
round_pairing,Round 5,1,612,715,tw08952821,,9,tw97066779,,9,,,,,
round_pairing,Round 5,1,606,716,tw09082546,,9,tw48442445,,9,,,,,
round_pairing,Round 5,1,657,717,tw11445283,,0,tw81357440,,0,,,,,
round_pairing,Round 5,1,625,718,tw12141522,,6,tw52313759,,6,,,,,
round_pairing,Round 5,1,637,719,tw12360786,,6,tw25513412,,6,,,,,
round_pairing,Round 5,1,622,721,tw13175197,,6,tw89832715,,6,,,,,
round_pairing,Round 5,1,611,722,tw13785127,,9,tw54152249,,9,,,,,
round_pairing,Round 5,1,608,723,tw14778853,,9,tw88542611,,9,,,,,
round_pairing,Round 5,1,633,724,tw17698132,,6,tw84697938,,6,,,,,
round_pairing,Round 5,1,629,725,tw18142838,,6,tw48904561,,6,,,,,
round_pairing,Round 5,1,628,726,tw18336767,,6,tw33233319,,6,,,,,
round_pairing,Round 5,1,626,727,tw19067728,,6,tw58176881,,6,,,,,
round_pairing,Round 5,1,656,728,tw19962622,,3,tw06882452,,0,,,,,
round_pairing,Round 5,1,603,729,tw22332732,,12,tw82187253,,12,,,,,
round_pairing,Round 5,1,623,730,tw23419853,,6,tw91915863,,6,,,,,
round_pairing,Round 5,1,624,731,tw23693792,,6,tw66007671,,6,,,,,
round_pairing,Round 5,1,637,732,tw25513412,,6,tw12360786,,6,,,,,
round_pairing,Round 5,1,636,733,tw26186753,,6,tw92318109,,6,,,,,
round_pairing,Round 5,1,654,734,tw26640245,,3,tw71024012,,3,,,,,
round_pairing,Round 5,1,650,735,tw26987158,,3,tw27112166,,3,,,,,
round_pairing,Round 5,1,616,736,tw27088222,,9,tw00370999,,9,,,,,
round_pairing,Round 5,1,650,737,tw27112166,,3,tw26987158,,3,,,,,
round_pairing,Round 5,1,653,738,tw28434285,,3,tw48530621,,3,,,,,
round_pairing,Round 5,1,607,739,tw32262790,,9,tw98358576,,9,,,,,
round_pairing,Round 5,1,648,740,tw32908561,,3,tw42668876,,3,,,,,
round_pairing,Round 5,1,628,741,tw33233319,,6,tw18336767,,6,,,,,
round_pairing,Round 5,1,640,742,tw33463324,,6,tw70935802,,6,,,,,
round_pairing,Round 5,1,627,743,tw34038322,,6,tw42212253,,6,,,,,
round_pairing,Round 5,1,614,744,tw34406887,,9,tw48711959,,9,,,,,
round_pairing,Round 5,1,604,746,tw35592681,,12,tw76708967,,9,,,,,
round_pairing,Round 5,1,615,747,tw35693495,,9,tw93782599,,9,,,,,
round_pairing,Round 5,1,602,748,tw36617899,,12,tw51675689,,12,,,,,
round_pairing,Round 5,1,642,749,tw37286261,,6,tw94001188,,6,,,,,
round_pairing,Round 5,1,605,751,tw39542305,,9,tw85313935,,9,,,,,
round_pairing,Round 5,1,610,752,tw40670915,,9,tw03538932,,9,,,,,
round_pairing,Round 5,1,658,753,tw41391655,,0,tw92487491,,0,,,,,
round_pairing,Round 5,1,639,754,tw42163963,,6,tw82272345,,6,,,,,
round_pairing,Round 5,1,627,755,tw42212253,,6,tw34038322,,6,,,,,
round_pairing,Round 5,2,648,756,tw42668876,,3,tw32908561,,3,,,,,
round_pairing,Round 5,2,634,757,tw42986392,,6,tw55391620,,6,,,,,
round_pairing,Round 5,2,631,758,tw47954316,,6,tw95235085,,6,,,,,
round_pairing,Round 5,2,606,759,tw48442445,,9,tw09082546,,9,,,,,
round_pairing,Round 5,2,653,760,tw48530621,,3,tw28434285,,3,,,,,
round_pairing,Round 5,2,614,761,tw48711959,,9,tw34406887,,9,,,,,
round_pairing,Round 5,2,629,762,tw48904561,,6,tw18142838,,6,,,,,
round_pairing,Round 5,2,613,763,tw48910239,,9,tw84778743,,9,,,,,
round_pairing,Round 5,2,646,764,tw49181959,,3,tw81358721,,3,,,,,
round_pairing,Round 5,2,635,765,tw50896397,,6,tw05033566,,6,,,,,
round_pairing,Round 5,2,625,766,tw52313759,,6,tw12141522,,6,,,,,
round_pairing,Round 5,2,611,768,tw54152249,,9,tw13785127,,9,,,,,
round_pairing,Round 5,2,618,769,tw54462001,,9,tw91466649,,9,,,,,
round_pairing,Round 5,2,601,770,tw54587316,,12,tw85497593,,12,,,,,
round_pairing,Round 5,2,634,771,tw55391620,,6,tw42986392,,6,,,,,
round_pairing,Round 5,2,626,772,tw58176881,,6,tw19067728,,6,,,,,
round_pairing,Round 5,2,641,773,tw63611451,,6,tw99268898,,6,,,,,
round_pairing,Round 5,2,632,775,tw65988397,,6,tw01901139,,6,,,,,
round_pairing,Round 5,2,624,776,tw66007671,,6,tw23693792,,6,,,,,
round_pairing,Round 5,2,644,777,tw70158953,,3,tw74295505,,3,,,,,
round_pairing,Round 5,2,640,778,tw70935802,,6,tw33463324,,6,,,,,
round_pairing,Round 5,2,654,779,tw71024012,,3,tw26640245,,3,,,,,
round_pairing,Round 5,2,617,780,tw72722713,,9,tw06198131,,9,,,,,
round_pairing,Round 5,2,620,781,tw72949913,,9,tw08069127,,9,,,,,
round_pairing,Round 5,2,619,782,tw74783492,,9,tw22254647,,9,,,,,
round_pairing,Round 5,2,647,784,tw75574191,,3,tw08948324,,3,,,,,
round_pairing,Round 5,2,604,785,tw76708967,,9,tw35592681,,12,,,,,
round_pairing,Round 5,2,609,786,tw77919530,,9,tw03103631,,9,,,,,
round_pairing,Round 5,2,646,787,tw81358721,,3,tw49181959,,3,,,,,
round_pairing,Round 5,2,651,788,tw81419386,,3,tw79421519,,3,,,,,
round_pairing,Round 5,2,603,789,tw82187253,,12,tw22332732,,12,,,,,
round_pairing,Round 5,2,639,790,tw82272345,,6,tw42163963,,6,,,,,
round_pairing,Round 5,2,621,791,tw82494238,,6,tw00060663,,6,,,,,
round_pairing,Round 5,2,613,792,tw84778743,,9,tw48910239,,9,,,,,
round_pairing,Round 5,2,638,793,tw84957647,,6,tw06637395,,6,,,,,
round_pairing,Round 5,2,605,794,tw85313935,,9,tw39542305,,9,,,,,
round_pairing,Round 5,2,601,795,tw85497593,,12,tw54587316,,12,,,,,
round_pairing,Round 5,2,630,796,tw85693137,,6,tw04224093,,6,,,,,
round_pairing,Round 5,2,652,798,tw87203702,,3,tw98239812,,3,,,,,
round_pairing,Round 5,2,655,799,tw88014909,,3,tw05745810,,3,,,,,
round_pairing,Round 5,2,608,801,tw88542611,,9,tw14778853,,9,,,,,
round_pairing,Round 5,2,622,802,tw89832715,,6,tw13175197,,6,,,,,
round_pairing,Round 5,2,649,803,tw91113369,,3,tw17279202,,3,,,,,
round_pairing,Round 5,2,618,804,tw91466649,,9,tw54462001,,9,,,,,
round_pairing,Round 5,2,623,805,tw91915863,,6,tw23419853,,6,,,,,
round_pairing,Round 5,2,636,806,tw92318109,,6,tw26186753,,6,,,,,
round_pairing,Round 5,2,658,807,tw92487491,,0,tw41391655,,0,,,,,
round_pairing,Round 5,2,615,808,tw93782599,,9,tw35693495,,9,,,,,
round_pairing,Round 5,2,642,809,tw94001188,,6,tw37286261,,6,,,,,
round_pairing,Round 5,2,631,810,tw95235085,,6,tw47954316,,6,,,,,
round_pairing,Round 5,3,612,812,tw97066779,,9,tw08952821,,9,,,,,
round_pairing,Round 5,3,641,813,tw99268898,,6,tw63611451,,6,,,,,
round_pairing,Round 5,3,657,1012,tw81357440,,0,tw11445283,,0,,,,,
round_pairing,Round 5,3,649,1018,tw17279202,,3,tw91113369,,3,,,,,
round_pairing,Round 5,3,602,1053,tw51675689,,12,tw36617899,,12,,,,,
round_pairing,Round 5,3,621,1063,tw00060663,,6,tw82494238,,6,,,,,
round_pairing,Round 5,3,619,1091,tw22254647,,9,tw74783492,,9,,,,,
round_pairing,Round 5,3,630,1151,tw04224093,,6,tw85693137,,6,,,,,
round_pairing,Round 5,3,607,1176,tw98358576,,9,tw32262790,,9,,,,,
round_pairing,Round 5,3,645,1178,tw02519013,,3,tw04232774,,3,,,,,
round_pairing,Round 5,3,645,1190,tw04232774,,3,tw02519013,,3,,,,,
round_pairing,Round 5,3,647,1210,tw08948324,,3,tw75574191,,3,,,,,
round_pairing,Round 5,3,633,1234,tw84697938,,6,tw17698132,,6,,,,,
round_pairing,Round 5,3,644,1245,tw74295505,,3,tw70158953,,3,,,,,
round_pairing,Round 5,3,651,1247,tw79421519,,3,tw81419386,,3,,,,,
round_pairing,Round 5,3,620,1262,tw08069127,,9,tw72949913,,9,,,,,
round_pairing,Round 5,3,652,1298,tw98239812,,3,tw87203702,,3,,,,,
round_pairing,Round 6,1,621,701,tw00370999,,9,tw33233319,,9,,,,,
round_pairing,Round 6,1,641,702,tw01901139,,6,tw48904561,,6,,,,,
round_pairing,Round 6,1,610,703,tw03103631,,12,tw48910239,,12,,,,,
round_pairing,Round 6,1,609,704,tw03538932,,12,tw27088222,,12,,,,,
round_pairing,Round 6,1,648,705,tw03966926,,3,tw19962622,,3,,,,,
round_pairing,Round 6,1,632,709,tw05745810,,6,tw70158953,,6,,,,,
round_pairing,Round 6,1,647,710,tw06195770,,6,tw84957647,,6,,,,,
round_pairing,Round 6,1,604,711,tw06198131,,12,tw09082546,,12,,,,,
round_pairing,Round 6,1,624,712,tw06637395,,9,tw18142838,,9,,,,,
round_pairing,Round 6,1,649,713,tw06774867,,3,tw74295505,,3,,,,,
round_pairing,Round 6,1,655,714,tw06882452,,3,tw88014909,,3,,,,,
round_pairing,Round 6,1,613,715,tw08952821,,9,tw76708967,,9,,,,,
round_pairing,Round 6,1,604,716,tw09082546,,12,tw06198131,,12,,,,,
round_pairing,Round 6,1,653,717,tw11445283,,3,tw92487491,,3,,,,,
round_pairing,Round 6,1,630,718,tw12141522,,9,tw84778743,,9,,,,,
round_pairing,Round 6,1,628,719,tw12360786,,9,tw34406887,,9,,,,,
round_pairing,Round 6,1,626,721,tw13175197,,9,tw94001188,,9,,,,,
round_pairing,Round 6,1,622,722,tw13785127,,9,tw04224093,,9,,,,,
round_pairing,Round 6,1,608,723,tw14778853,,12,tw32262790,,12,,,,,
round_pairing,Round 6,1,633,724,tw17698132,,6,tw55391620,,6,,,,,
round_pairing,Round 6,1,624,725,tw18142838,,9,tw06637395,,9,,,,,
round_pairing,Round 6,1,636,726,tw18336767,,6,tw42163963,,6,,,,,
round_pairing,Round 6,1,616,727,tw19067728,,9,tw40670915,,9,,,,,
round_pairing,Round 6,1,648,728,tw19962622,,3,tw03966926,,3,,,,,
round_pairing,Round 6,1,602,729,tw22332732,,15,tw54587316,,15,,,,,
round_pairing,Round 6,1,644,730,tw23419853,,6,tw66007671,,6,,,,,
round_pairing,Round 6,1,627,731,tw23693792,,9,tw99268898,,9,,,,,
round_pairing,Round 6,1,635,732,tw25513412,,6,tw02519013,,6,,,,,
round_pairing,Round 6,1,639,733,tw26186753,,6,tw42212253,,6,,,,,
round_pairing,Round 6,1,646,734,tw26640245,,6,tw49181959,,6,,,,,
round_pairing,Round 6,1,652,735,tw26987158,,3,tw81358721,,3,,,,,
round_pairing,Round 6,1,609,736,tw27088222,,12,tw03538932,,12,,,,,
round_pairing,Round 6,1,640,737,tw27112166,,6,tw32908561,,6,,,,,
round_pairing,Round 6,1,643,738,tw28434285,,6,tw89832715,,6,,,,,
round_pairing,Round 6,1,608,739,tw32262790,,12,tw14778853,,12,,,,,
round_pairing,Round 6,1,640,740,tw32908561,,6,tw27112166,,6,,,,,
round_pairing,Round 6,1,621,741,tw33233319,,9,tw00370999,,9,,,,,
round_pairing,Round 6,1,617,742,tw33463324,,9,tw91466649,,9,,,,,
round_pairing,Round 6,1,625,743,tw34038322,,9,tw82494238,,9,,,,,
round_pairing,Round 6,1,628,744,tw34406887,,9,tw12360786,,9,,,,,
round_pairing,Round 6,1,601,746,tw35592681,,15,tw51675689,,15,,,,,
round_pairing,Round 6,1,631,747,tw35693495,,9,tw42986392,,9,,,,,
round_pairing,Round 6,1,605,748,tw36617899,,12,tw74783492,,12,,,,,
round_pairing,Round 6,1,642,749,tw37286261,,6,tw87203702,,6,,,,,
round_pairing,Round 6,1,603,751,tw39542305,,12,tw54152249,,12,,,,,
round_pairing,Round 6,1,616,752,tw40670915,,9,tw19067728,,9,,,,,
round_pairing,Round 6,1,656,753,tw41391655,,0,,,,,,,,
round_pairing,Round 6,1,636,754,tw42163963,,6,tw18336767,,6,,,,,
round_pairing,Round 6,1,639,755,tw42212253,,6,tw26186753,,6,,,,,
round_pairing,Round 6,1,650,756,tw42668876,,3,tw79421519,,3,,,,,
round_pairing,Round 6,2,631,757,tw42986392,,9,tw35693495,,9,,,,,
round_pairing,Round 6,2,618,758,tw47954316,,9,tw88542611,,9,,,,,
round_pairing,Round 6,2,629,759,tw48442445,,9,tw77919530,,9,,,,,
round_pairing,Round 6,2,654,760,tw48530621,,3,tw71024012,,3,,,,,
round_pairing,Round 6,2,607,761,tw48711959,,12,tw93782599,,12,,,,,
round_pairing,Round 6,2,641,762,tw48904561,,6,tw01901139,,6,,,,,
round_pairing,Round 6,2,610,763,tw48910239,,12,tw03103631,,12,,,,,
round_pairing,Round 6,2,646,764,tw49181959,,6,tw26640245,,6,,,,,
round_pairing,Round 6,2,623,765,tw50896397,,9,tw84697938,,9,,,,,
round_pairing,Round 6,2,638,766,tw52313759,,6,tw95235085,,6,,,,,
round_pairing,Round 6,2,603,768,tw54152249,,12,tw39542305,,12,,,,,
round_pairing,Round 6,2,606,769,tw54462001,,12,tw97066779,,12,,,,,
round_pairing,Round 6,2,602,770,tw54587316,,15,tw22332732,,15,,,,,
round_pairing,Round 6,2,633,771,tw55391620,,6,tw17698132,,6,,,,,
round_pairing,Round 6,2,645,772,tw58176881,,6,tw63611451,,6,,,,,
round_pairing,Round 6,2,645,773,tw63611451,,6,tw58176881,,6,,,,,
round_pairing,Round 6,2,614,775,tw65988397,,9,tw72722713,,9,,,,,
round_pairing,Round 6,2,644,776,tw66007671,,6,tw23419853,,6,,,,,
round_pairing,Round 6,2,632,777,tw70158953,,6,tw05745810,,6,,,,,
round_pairing,Round 6,2,654,779,tw71024012,,3,tw48530621,,3,,,,,
round_pairing,Round 6,2,614,780,tw72722713,,9,tw65988397,,9,,,,,
round_pairing,Round 6,2,612,781,tw72949913,,12,tw92318109,,9,,,,,
round_pairing,Round 6,2,605,782,tw74783492,,12,tw36617899,,12,,,,,
round_pairing,Round 6,2,613,785,tw76708967,,9,tw08952821,,9,,,,,
round_pairing,Round 6,2,629,786,tw77919530,,9,tw48442445,,9,,,,,
round_pairing,Round 6,2,652,787,tw81358721,,3,tw26987158,,3,,,,,
round_pairing,Round 6,2,634,788,tw81419386,,6,tw91113369,,6,,,,,
round_pairing,Round 6,2,611,789,tw82187253,,12,tw85497593,,12,,,,,
round_pairing,Round 6,2,620,790,tw82272345,,9,tw85313935,,9,,,,,
round_pairing,Round 6,2,625,791,tw82494238,,9,tw34038322,,9,,,,,
round_pairing,Round 6,2,630,792,tw84778743,,9,tw12141522,,9,,,,,
round_pairing,Round 6,2,647,793,tw84957647,,6,tw06195770,,6,,,,,
round_pairing,Round 6,2,620,794,tw85313935,,9,tw82272345,,9,,,,,
round_pairing,Round 6,2,611,795,tw85497593,,12,tw82187253,,12,,,,,
round_pairing,Round 6,2,637,796,tw85693137,,6,tw08948324,,6,,,,,
round_pairing,Round 6,2,642,798,tw87203702,,6,tw37286261,,6,,,,,
round_pairing,Round 6,2,655,799,tw88014909,,3,tw06882452,,3,,,,,
round_pairing,Round 6,2,618,801,tw88542611,,9,tw47954316,,9,,,,,
round_pairing,Round 6,2,643,802,tw89832715,,6,tw28434285,,6,,,,,
round_pairing,Round 6,2,634,803,tw91113369,,6,tw81419386,,6,,,,,
round_pairing,Round 6,2,617,804,tw91466649,,9,tw33463324,,9,,,,,
round_pairing,Round 6,2,619,805,tw91915863,,9,tw22254647,,9,,,,,
round_pairing,Round 6,2,612,806,tw92318109,,9,tw72949913,,12,,,,,
round_pairing,Round 6,2,653,807,tw92487491,,3,tw11445283,,3,,,,,
round_pairing,Round 6,2,607,808,tw93782599,,12,tw48711959,,12,,,,,
round_pairing,Round 6,2,626,809,tw94001188,,9,tw13175197,,9,,,,,
round_pairing,Round 6,2,638,810,tw95235085,,6,tw52313759,,6,,,,,
round_pairing,Round 6,2,606,812,tw97066779,,12,tw54462001,,12,,,,,
round_pairing,Round 6,2,627,813,tw99268898,,9,tw23693792,,9,,,,,
round_pairing,Round 6,2,601,1053,tw51675689,,15,tw35592681,,15,,,,,
round_pairing,Round 6,3,619,1091,tw22254647,,9,tw91915863,,9,,,,,
round_pairing,Round 6,3,622,1151,tw04224093,,9,tw13785127,,9,,,,,
round_pairing,Round 6,3,615,1176,tw98358576,,9,tw08069127,,9,,,,,
round_pairing,Round 6,3,635,1178,tw02519013,,6,tw25513412,,6,,,,,
round_pairing,Round 6,3,651,1190,tw04232774,,3,tw98239812,,3,,,,,
round_pairing,Round 6,3,637,1210,tw08948324,,6,tw85693137,,6,,,,,
round_pairing,Round 6,3,623,1234,tw84697938,,9,tw50896397,,9,,,,,
round_pairing,Round 6,3,649,1245,tw74295505,,3,tw06774867,,3,,,,,
round_pairing,Round 6,3,650,1247,tw79421519,,3,tw42668876,,3,,,,,
round_pairing,Round 6,3,615,1262,tw08069127,,9,tw98358576,,9,,,,,
round_pairing,Round 6,3,651,1298,tw98239812,,3,tw04232774,,3,,,,,
round_pairing,Round 7,1,615,701,tw00370999,,12,tw91466649,,12,,,,,
round_pairing,Round 7,1,651,702,tw01901139,,6,tw06882452,,3,,,,,
round_pairing,Round 7,1,605,703,tw03103631,,15,tw93782599,,15,,,,,
round_pairing,Round 7,1,606,704,tw03538932,,15,tw54462001,,15,,,,,
round_pairing,Round 7,1,654,705,tw03966926,,3,tw41391655,,3,,,,,
round_pairing,Round 7,1,637,709,tw05745810,,9,tw85693137,,9,,,,,
round_pairing,Round 7,1,621,710,tw06195770,,9,tw32262790,,12,,,,,
round_pairing,Round 7,1,619,711,tw06198131,,12,tw82494238,,12,,,,,
round_pairing,Round 7,1,627,712,tw06637395,,9,tw92318109,,9,,,,,
round_pairing,Round 7,1,653,713,tw06774867,,3,tw79421519,,3,,,,,
round_pairing,Round 7,1,651,714,tw06882452,,3,tw01901139,,6,,,,,
round_pairing,Round 7,1,632,715,tw08952821,,9,tw48904561,,9,,,,,
round_pairing,Round 7,1,602,716,tw09082546,,15,tw72949913,,15,,,,,
round_pairing,Round 7,1,652,717,tw11445283,,3,tw98239812,,3,,,,,
round_pairing,Round 7,1,635,718,tw12141522,,9,tw42163963,,9,,,,,
round_pairing,Round 7,1,625,719,tw12360786,,9,tw47954316,,9,,,,,
round_pairing,Round 7,1,626,721,tw13175197,,9,tw02519013,,9,,,,,
round_pairing,Round 7,1,630,722,tw13785127,,9,tw91915863,,9,,,,,
round_pairing,Round 7,1,603,723,tw14778853,,15,tw82187253,,15,,,,,
round_pairing,Round 7,1,643,724,tw17698132,,6,tw04232774,,6,,,,,
round_pairing,Round 7,1,620,725,tw18142838,,12,tw48910239,,12,,,,,
round_pairing,Round 7,1,640,726,tw18336767,,6,tw19962622,,6,,,,,
round_pairing,Round 7,1,634,727,tw19067728,,9,tw32908561,,9,,,,,
round_pairing,Round 7,1,640,728,tw19962622,,6,tw18336767,,6,,,,,
round_pairing,Round 7,1,604,729,tw22332732,,15,tw74783492,,15,,,,,
round_pairing,Round 7,1,642,730,tw23419853,,6,tw26987158,,6,,,,,
round_pairing,Round 7,1,617,731,tw23693792,,12,tw40670915,,12,,,,,
round_pairing,Round 7,1,641,732,tw25513412,,6,tw63611451,,6,,,,,
round_pairing,Round 7,1,628,733,tw26186753,,9,tw33233319,,9,,,,,
round_pairing,Round 7,1,638,734,tw26640245,,9,tw65988397,,9,,,,,
round_pairing,Round 7,1,642,735,tw26987158,,6,tw23419853,,6,,,,,
round_pairing,Round 7,1,608,736,tw27088222,,12,tw76708967,,12,,,,,
round_pairing,Round 7,1,644,737,tw27112166,,6,tw88014909,,6,,,,,
round_pairing,Round 7,1,639,738,tw28434285,,9,tw66007671,,9,,,,,
round_pairing,Round 7,1,621,739,tw32262790,,12,tw06195770,,9,,,,,
round_pairing,Round 7,1,634,740,tw32908561,,9,tw19067728,,9,,,,,
round_pairing,Round 7,1,628,741,tw33233319,,9,tw26186753,,9,,,,,
round_pairing,Round 7,1,624,742,tw33463324,,9,tw55391620,,9,,,,,
round_pairing,Round 7,1,629,743,tw34038322,,9,tw48442445,,9,,,,,
round_pairing,Round 7,1,613,744,tw34406887,,12,tw84778743,,12,,,,,
round_pairing,Round 7,1,601,746,tw35592681,,18,tw54587316,,18,,,,,
round_pairing,Round 7,1,623,747,tw35693495,,9,tw81419386,,9,,,,,
round_pairing,Round 7,1,618,748,tw36617899,,12,tw85313935,,12,,,,,
round_pairing,Round 7,1,650,749,tw37286261,,6,tw42212253,,6,,,,,
round_pairing,Round 7,1,609,751,tw39542305,,12,tw85497593,,12,,,,,
round_pairing,Round 7,1,617,752,tw40670915,,12,tw23693792,,12,,,,,
round_pairing,Round 7,1,654,753,tw41391655,,3,tw03966926,,3,,,,,
round_pairing,Round 7,1,635,754,tw42163963,,9,tw12141522,,9,,,,,
round_pairing,Round 7,1,650,755,tw42212253,,6,tw37286261,,6,,,,,
round_pairing,Round 7,1,645,756,tw42668876,,6,tw84957647,,6,,,,,
round_pairing,Round 7,2,611,757,tw42986392,,12,tw84697938,,12,,,,,
round_pairing,Round 7,2,625,758,tw47954316,,9,tw12360786,,9,,,,,
round_pairing,Round 7,2,629,759,tw48442445,,9,tw34038322,,9,,,,,
round_pairing,Round 7,2,647,760,tw48530621,,6,tw70158953,,6,,,,,
round_pairing,Round 7,2,616,761,tw48711959,,12,tw72722713,,12,,,,,
round_pairing,Round 7,2,632,762,tw48904561,,9,tw08952821,,9,,,,,
round_pairing,Round 7,2,620,763,tw48910239,,12,tw18142838,,12,,,,,
round_pairing,Round 7,2,648,764,tw49181959,,6,tw74295505,,6,,,,,
round_pairing,Round 7,2,622,765,tw50896397,,9,tw95235085,,9,,,,,
round_pairing,Round 7,2,607,768,tw54152249,,15,tw51675689,,15,,,,,
round_pairing,Round 7,2,606,769,tw54462001,,15,tw03538932,,15,,,,,
round_pairing,Round 7,2,601,770,tw54587316,,18,tw35592681,,18,,,,,
round_pairing,Round 7,2,624,771,tw55391620,,9,tw33463324,,9,,,,,
round_pairing,Round 7,2,636,772,tw58176881,,9,tw08069127,,9,,,,,
round_pairing,Round 7,2,641,773,tw63611451,,6,tw25513412,,6,,,,,
round_pairing,Round 7,2,638,775,tw65988397,,9,tw26640245,,9,,,,,
round_pairing,Round 7,2,639,776,tw66007671,,9,tw28434285,,9,,,,,
round_pairing,Round 7,2,647,777,tw70158953,,6,tw48530621,,6,,,,,
round_pairing,Round 7,2,655,779,tw71024012,,3,tw81358721,,3,,,,,
round_pairing,Round 7,2,616,780,tw72722713,,12,tw48711959,,12,,,,,
round_pairing,Round 7,2,602,781,tw72949913,,15,tw09082546,,15,,,,,
round_pairing,Round 7,2,604,782,tw74783492,,15,tw22332732,,15,,,,,
round_pairing,Round 7,2,608,785,tw76708967,,12,tw27088222,,12,,,,,
round_pairing,Round 7,2,610,786,tw77919530,,12,tw04224093,,12,,,,,
round_pairing,Round 7,2,655,787,tw81358721,,3,tw71024012,,3,,,,,
round_pairing,Round 7,2,623,788,tw81419386,,9,tw35693495,,9,,,,,
round_pairing,Round 7,2,603,789,tw82187253,,15,tw14778853,,15,,,,,
round_pairing,Round 7,2,631,790,tw82272345,,9,tw98358576,,9,,,,,
round_pairing,Round 7,2,619,791,tw82494238,,12,tw06198131,,12,,,,,
round_pairing,Round 7,2,613,792,tw84778743,,12,tw34406887,,12,,,,,
round_pairing,Round 7,2,645,793,tw84957647,,6,tw42668876,,6,,,,,
round_pairing,Round 7,2,618,794,tw85313935,,12,tw36617899,,12,,,,,
round_pairing,Round 7,2,609,795,tw85497593,,12,tw39542305,,12,,,,,
round_pairing,Round 7,2,637,796,tw85693137,,9,tw05745810,,9,,,,,
round_pairing,Round 7,2,633,798,tw87203702,,9,tw99268898,,9,,,,,
round_pairing,Round 7,2,644,799,tw88014909,,6,tw27112166,,6,,,,,
round_pairing,Round 7,2,614,801,tw88542611,,12,tw94001188,,12,,,,,
round_pairing,Round 7,2,646,802,tw89832715,,6,tw91113369,,6,,,,,
round_pairing,Round 7,2,646,803,tw91113369,,6,tw89832715,,6,,,,,
round_pairing,Round 7,2,615,804,tw91466649,,12,tw00370999,,12,,,,,
round_pairing,Round 7,2,630,805,tw91915863,,9,tw13785127,,9,,,,,
round_pairing,Round 7,2,627,806,tw92318109,,9,tw06637395,,9,,,,,
round_pairing,Round 7,2,649,807,tw92487491,,6,tw08948324,,6,,,,,
round_pairing,Round 7,2,605,808,tw93782599,,15,tw03103631,,15,,,,,
round_pairing,Round 7,2,614,809,tw94001188,,12,tw88542611,,12,,,,,
round_pairing,Round 7,2,622,810,tw95235085,,9,tw50896397,,9,,,,,
round_pairing,Round 7,2,612,812,tw97066779,,12,tw22254647,,12,,,,,
round_pairing,Round 7,2,633,813,tw99268898,,9,tw87203702,,9,,,,,
round_pairing,Round 7,2,607,1053,tw51675689,,15,tw54152249,,15,,,,,
round_pairing,Round 7,2,612,1091,tw22254647,,12,tw97066779,,12,,,,,
round_pairing,Round 7,3,610,1151,tw04224093,,12,tw77919530,,12,,,,,
round_pairing,Round 7,3,631,1176,tw98358576,,9,tw82272345,,9,,,,,
round_pairing,Round 7,3,626,1178,tw02519013,,9,tw13175197,,9,,,,,
round_pairing,Round 7,3,643,1190,tw04232774,,6,tw17698132,,6,,,,,
round_pairing,Round 7,3,649,1210,tw08948324,,6,tw92487491,,6,,,,,
round_pairing,Round 7,3,611,1234,tw84697938,,12,tw42986392,,12,,,,,
round_pairing,Round 7,3,648,1245,tw74295505,,6,tw49181959,,6,,,,,
round_pairing,Round 7,3,653,1247,tw79421519,,3,tw06774867,,3,,,,,
round_pairing,Round 7,3,636,1262,tw08069127,,9,tw58176881,,9,,,,,
round_pairing,Round 7,3,652,1298,tw98239812,,3,tw11445283,,3,,,,,
final_rank,,1,,1053,tw51675689,,,,,,1,21,67,99,61
final_rank,,1,,770,tw54587316,,,,,,2,18,71,84,62.14
final_rank,,1,,729,tw22332732,,,,,,3,18,65,78,61
final_rank,,1,,704,tw03538932,,,,,,4,18,62,72,60.71
final_rank,,1,,716,tw09082546,,,,,,5,18,61,78,57.71
final_rank,,1,,723,tw14778853,,,,,,6,18,61,75,57.86
final_rank,,1,,703,tw03103631,,,,,,7,18,59,66,58
final_rank,,1,,795,tw85497593,,,,,,8,15,65,63,58.71
final_rank,,1,,789,tw82187253,,,,,,9,15,65,60,60.43
final_rank,,1,,801,tw88542611,,,,,,10,15,64,54,52.14
final_rank,,1,,808,tw93782599,,,,,,11,15,63,57,56.29
final_rank,,1,,769,tw54462001,,,,,,12,15,62,51,57.29
final_rank,,1,,746,tw35592681,,,,,,13,15,62,51,56.14
final_rank,,1,,812,tw97066779,,,,,,14,15,61,57,56
final_rank,,1,,786,tw77919530,,,,,,15,15,61,57,53.43
final_rank,,1,,744,tw34406887,,,,,,16,15,61,51,56
final_rank,,1,,782,tw74783492,,,,,,17,15,60,51,57.43
final_rank,,1,,761,tw48711959,,,,,,18,15,59,63,58.57
final_rank,,1,,785,tw76708967,,,,,,19,15,58,57,59.43
final_rank,,1,,804,tw91466649,,,,,,20,15,58,57,56.71
final_rank,,1,,768,tw54152249,,,,,,21,15,58,51,59.71
final_rank,,1,,781,tw72949913,,,,,,22,15,58,51,52.57
final_rank,,1,,794,tw85313935,,,,,,23,15,56,45,58.43
final_rank,,1,,739,tw32262790,,,,,,24,15,56,45,54.57
final_rank,,1,,813,tw99268898,,,,,,25,15,54,39,54.29
final_rank,,1,,711,tw06198131,,,,,,26,15,53,48,55.86
final_rank,,1,,757,tw42986392,,,,,,27,15,52,48,54.29
final_rank,,1,,725,tw18142838,,,,,,28,15,52,42,55
final_rank,,1,,748,tw36617899,,,,,,29,12,71,54,56.86
final_rank,,1,,751,tw39542305,,,,,,30,12,70,54,57
final_rank,,1,,752,tw40670915,,,,,,31,12,64,42,54.71
final_rank,,1,,736,tw27088222,,,,,,32,12,61,39,54.29
final_rank,,1,,759,tw48442445,,,,,,33,12,60,33,54.29
final_rank,,1,,780,tw72722713,,,,,,34,12,59,39,53
final_rank,,1,,763,tw48910239,,,,,,35,12,59,30,53.57
final_rank,,1,,790,tw82272345,,,,,,36,12,57,45,53
final_rank,,1,,701,tw00370999,,,,,,37,12,57,39,55.86
final_rank,,1,,1091,tw22254647,,,,,,38,12,57,27,55
final_rank,,1,,715,tw08952821,,,,,,39,12,54,36,56.86
final_rank,,1,,742,tw33463324,,,,,,40,12,54,33,52.86
final_rank,,1,,776,tw66007671,,,,,,41,12,54,30,52.43
final_rank,,1,,796,tw85693137,,,,,,42,12,54,30,51.14
final_rank,,1,,805,tw91915863,,,,,,43,12,52,36,55.29
final_rank,,1,,1151,tw04224093,,,,,,44,12,52,33,55.14
final_rank,,1,,765,tw50896397,,,,,,45,12,51,36,54
final_rank,,1,,1262,tw08069127,,,,,,46,12,51,30,53.71
final_rank,,1,,791,tw82494238,,,,,,47,12,51,27,57.43
final_rank,,1,,731,tw23693792,,,,,,48,12,50,39,48.43
final_rank,,1,,758,tw47954316,,,,,,49,12,50,33,51.86
final_rank,,1,,754,tw42163963,,,,,,50,12,50,30,53.86
final_rank,,2,,1234,tw84697938,,,,,,51,12,50,30,52.86
final_rank,,2,,806,tw92318109,,,,,,52,12,50,30,50.86
final_rank,,2,,792,tw84778743,,,,,,53,12,50,27,54
final_rank,,2,,727,tw19067728,,,,,,54,12,50,27,51.29
final_rank,,2,,733,tw26186753,,,,,,55,12,48,30,51.86
final_rank,,2,,809,tw94001188,,,,,,56,12,47,30,51.29
final_rank,,2,,1178,tw02519013,,,,,,57,12,45,24,49.29
final_rank,,2,,788,tw81419386,,,,,,58,12,44,24,49.71
final_rank,,2,,775,tw65988397,,,,,,59,12,43,33,51.43
final_rank,,2,,722,tw13785127,,,,,,60,9,62,36,54.57
final_rank,,2,,810,tw95235085,,,,,,61,9,56,27,51
final_rank,,2,,1176,tw98358576,,,,,,62,9,56,27,49.86
final_rank,,2,,747,tw35693495,,,,,,63,9,55,15,49
final_rank,,2,,741,tw33233319,,,,,,64,9,54,21,54.43
final_rank,,2,,709,tw05745810,,,,,,65,9,52,27,47
final_rank,,2,,743,tw34038322,,,,,,66,9,52,21,51.71
final_rank,,2,,772,tw58176881,,,,,,67,9,52,21,49
final_rank,,2,,730,tw23419853,,,,,,68,9,51,18,50
final_rank,,2,,771,tw55391620,,,,,,69,9,51,15,51.71
final_rank,,2,,738,tw28434285,,,,,,70,9,50,21,50.43
final_rank,,2,,1245,tw74295505,,,,,,71,9,50,21,49.57
final_rank,,2,,721,tw13175197,,,,,,72,9,50,21,47.57
final_rank,,2,,712,tw06637395,,,,,,73,9,49,12,51.14
final_rank,,2,,728,tw19962622,,,,,,74,9,49,12,50.57
final_rank,,2,,718,tw12141522,,,,,,75,9,49,9,50.29
final_rank,,2,,762,tw48904561,,,,,,76,9,48,18,49.29
final_rank,,2,,710,tw06195770,,,,,,77,9,47,18,48
final_rank,,2,,719,tw12360786,,,,,,78,9,47,15,48
final_rank,,2,,777,tw70158953,,,,,,79,9,46,24,48.57
final_rank,,2,,756,tw42668876,,,,,,80,9,45,18,47.57
final_rank,,2,,1190,tw04232774,,,,,,81,9,45,15,50.86
final_rank,,2,,802,tw89832715,,,,,,82,9,45,15,50
final_rank,,2,,740,tw32908561,,,,,,83,9,43,24,46.86
final_rank,,2,,1210,tw08948324,,,,,,84,9,43,18,48.29
final_rank,,2,,773,tw63611451,,,,,,85,9,43,18,48.14
final_rank,,2,,734,tw26640245,,,,,,86,9,43,15,44.71
final_rank,,2,,737,tw27112166,,,,,,87,9,41,15,47.71
final_rank,,2,,798,tw87203702,,,,,,88,9,38,9,48.29
final_rank,,2,,724,tw17698132,,,,,,89,6,52,9,50.57
final_rank,,2,,713,tw06774867,,,,,,90,6,50,6,49.43
final_rank,,2,,726,tw18336767,,,,,,91,6,49,6,50.14
final_rank,,2,,755,tw42212253,,,,,,92,6,48,21,48.14
final_rank,,2,,803,tw91113369,,,,,,93,6,47,9,48.29
final_rank,,2,,705,tw03966926,,,,,,94,6,47,3,47.67
final_rank,,2,,807,tw92487491,,,,,,95,6,46,9,46
final_rank,,2,,702,tw01901139,,,,,,96,6,43,18,46.57
final_rank,,2,,732,tw25513412,,,,,,97,6,43,15,45.14
final_rank,,2,,749,tw37286261,,,,,,98,6,43,12,46.43
final_rank,,2,,760,tw48530621,,,,,,99,6,43,12,45.86
final_rank,,2,,714,tw06882452,,,,,,100,6,42,15,46.29
final_rank,,3,,764,tw49181959,,,,,,101,6,42,9,46
final_rank,,3,,793,tw84957647,,,,,,102,6,42,3,47.71
final_rank,,3,,735,tw26987158,,,,,,103,6,41,12,47.29
final_rank,,3,,799,tw88014909,,,,,,104,6,40,15,45.43
final_rank,,3,,717,tw11445283,,,,,,105,6,40,3,46.14
final_rank,,3,,779,tw71024012,,,,,,106,6,37,3,44.43
final_rank,,3,,1298,tw98239812,,,,,,107,3,46,3,44.29
final_rank,,3,,1247,tw79421519,,,,,,108,3,44,0,48.29
final_rank,,3,,787,tw81358721,,,,,,109,3,41,3,45.86
final_rank,,3,,753,tw41391655,,,,,,110,3,36,0,47
